keys,de,en,tr
GAME_TITLE,Sloptoberfest,Sloptoberfest,Sloptoberfest
MENU_CONTINUE,Weiterspielen,Continue,Devam Et
MENU_NEW_GAME,Neues Spiel,New Game,Yeni Oyun
MENU_COOP,Koop spielen,Play Co-op,Birlikte Oyna
MENU_SETTINGS,Einstellungen,Settings,Ayarlar
MENU_CREDITS,Mitwirkende,Credits,Emeği Geçenler
MENU_QUIT,Beenden,Quit,Çıkış
MENU_QUIT_GAME,Spiel beenden,Quit game,Oyunu kapat
MENU_LOAD,Spielstand laden,Load game,Oyun yükle
SLOTS_TITLE_NEW,Neues Spiel — Platz wählen,New game — choose a slot,Yeni oyun — yuva seç
SLOTS_TITLE_LOAD,Spielstand laden,Load game,Oyun yükle
SLOT_EMPTY,Platz %d — leer,Slot %d — empty,Yuva %d — boş
SLOT_INFO,Platz %d — Tag %d · %s · %s,Slot %d — Day %d · %s · %s,Yuva %d — %d. Gün · %s · %s
SLOT_TOO_NEW,Platz %d — aus einer neueren Spielversion,Slot %d — from a newer game version,Yuva %d — daha yeni bir oyun sürümünden
SLOT_LOAD,Laden,Load,Yükle
SLOT_NEW,Hier beginnen,Start here,Burada başla
MENU_BACK,Zurück,Back,Geri
MENU_VERSION,Version %s,Version %s,Sürüm %s
MENU_CONTINUE_INFO,"Tag %d · %s €","Day %d · €%s","%d. Gün · %s €"
NEWGAME_CONFIRM_TITLE,Neues Spiel starten?,Start a new game?,Yeni oyun başlatılsın mı?
NEWGAME_CONFIRM_TEXT,Dein bisheriger Spielstand wird überschrieben.,Your current save will be overwritten.,Mevcut kaydının üzerine yazılacak.
NEWGAME_CONFIRM_YES,Ja, neu anfangen,"Yes, start over","Evet, baştan başla"
NEWGAME_CONFIRM_NO,Abbrechen,Cancel,Vazgeç
COOP_TITLE,Koop spielen,Play Co-op,Birlikte Oyna
COOP_JOIN_SERVER,Offiziellem Server beitreten,Join official server,Resmi sunucuya katıl
COOP_HOST,Eigenes Spiel hosten,Host your own game,Kendi oyununu kur
COOP_JOIN_IP,Per IP beitreten,Join by IP,IP ile katıl
COOP_IP_PLACEHOLDER,IP-Adresse,IP address,IP adresi
COOP_STEAM_SOON,Freunde über Steam einladen folgt,Inviting friends via Steam is coming,Steam üzerinden arkadaş davet etme yakında
STATUS_CONNECTING,Verbinde mit %s …,Connecting to %s …,%s adresine bağlanılıyor …
STATUS_CONNECT_FAILED,Verbindung fehlgeschlagen. Ist der Server erreichbar?,Connection failed. Is the server reachable?,Bağlantı başarısız. Sunucu erişilebilir mi?
STATUS_HOST_FAILED,Spiel konnte nicht gestartet werden (Fehler %d).,Could not start the game (error %d).,Oyun başlatılamadı (hata %d).
COOP_STEAM_FRIENDS,Spiel erstellen,Create game,Oyun kur
COOP_STEAM_HINT,Freunde kommen über den Code oder eine Einladung dazu (ESC im Spiel).,Friends join with the code or an invite (ESC in game).,Arkadaşların kodla ya da davetle katılır (oyunda ESC).
COOP_STEAM_OFFLINE,"Steam läuft nicht — starte das Spiel über Steam, um zusammen zu spielen.",Steam is not running — start the game through Steam to play together.,Steam çalışmıyor — birlikte oynamak için oyunu Steam üzerinden başlat.
COOP_STEAM_ONLY,Koop gibt es in der Steam-Version.,Co-op is available in the Steam version.,Birlikte oyun Steam sürümünde mevcut.
PAUSE_INVITE,Freunde einladen,Invite friends,Arkadaş davet et
STATUS_STEAM_LOBBY,Erstelle Steam-Lobby …,Creating Steam lobby …,Steam lobisi kuruluyor …
STATUS_STEAM_JOINING,Trete dem Spiel bei …,Joining the game …,Oyuna katılınıyor …
NET_STEAM_LOBBY_FAILED,Die Steam-Lobby konnte nicht erstellt werden.,The Steam lobby could not be created.,Steam lobisi kurulamadı.
NET_STEAM_JOIN_FAILED,"Beitritt fehlgeschlagen — das Spiel ist voll, geschlossen oder nicht mehr da.","Could not join — the game is full, closed, or gone.","Katılamadın — oyun dolu, kapalı ya da artık yok."
NET_TIMEOUT,"Keine Antwort vom Server. Stimmt die Adresse, oder ist der Server voll?","No answer from the server. Is the address right, or is the server full?","Sunucudan yanıt yok. Adres doğru mu, yoksa sunucu dolu mu?"
NET_HOST_LEFT,Die Verbindung ist abgebrochen — der Host hat das Spiel verlassen.,The connection was lost — the host left the game.,Bağlantı koptu — kurucu oyundan ayrıldı.
NET_VERSION_MISMATCH,"Der Server hat Version %s, du hast Version %s. Starte das Spiel neu, dann wird aktualisiert.","The server runs version %s, you have version %s. Restart the game to update.","Sunucuda sürüm %s var, sende sürüm %s. Güncellemek için oyunu yeniden başlat."
NET_NO_ANSWER,Der Server hat nicht geantwortet. Vielleicht läuft dort eine andere Version.,The server did not answer. It may be running a different version.,Sunucu yanıt vermedi. Belki orada farklı bir sürüm çalışıyor.
NET_PLAYER_JOINED,Ein Mitspieler ist dazugekommen,A player joined,Bir oyuncu katıldı
NET_PLAYER_LEFT,Ein Mitspieler hat das Spiel verlassen,A player left the game,Bir oyuncu oyundan ayrıldı
STATUS_ENTER_IP,Bitte eine IP-Adresse eingeben.,Please enter an IP address.,Lütfen bir IP adresi gir.
STATUS_UPDATE_SEARCH,Suche nach Updates …,Checking for updates …,Güncellemeler aranıyor …
STATUS_UPDATE_LOAD,Lade Update %d …,Downloading update %d …,Güncelleme %d indiriliyor …
STATUS_STARTING,Starte …,Starting …,Başlatılıyor …
LOADING,Lädt …,Loading …,Yükleniyor …
LOAD_TIP_1,Tipp: Halte immer ein Paket Bier auf Vorrat — ohne Ware verkaufst du nichts.,Tip: Always keep a package of beer in stock — without supplies you sell nothing.,İpucu: Depoda her zaman bir paket bira bulundur — malzeme olmadan hiçbir şey satamazsın.
LOAD_TIP_2,Tipp: Ein sauberes Zelt bringt mehr Geld pro Bestellung. {interact} gedrückt halten zum Putzen.,Tip: A clean tent earns more per order. Hold {interact} to clean.,İpucu: Temiz bir çadır sipariş başına daha çok kazandırır. Temizlemek için {interact} basılı tut.
LOAD_TIP_3,Tipp: Kellner auf höherer Stufe tragen bis zu 12 Krüge auf einmal.,Tip: Higher-level waiters carry up to 12 mugs at once.,İpucu: Üst seviye garsonlar tek seferde 12 kupaya kadar taşır.
LOAD_TIP_4,Tipp: Ab 19 Uhr wird das Zelt voll und die Gäste werden ungeduldig.,Tip: From 19:00 the tent fills up and guests get impatient.,İpucu: Saat 19:00'dan sonra çadır dolar ve misafirler sabırsızlanır.
LOAD_TIP_5,Tipp: {help} öffnet die Hilfe mit allen Tasten.,Tip: {help} opens help with all controls.,İpucu: {help} tüm tuşlarla yardımı açar.
LOAD_TIP_6,Tipp: Meilensteine im Festbüro bringen Bonusgeld.,Tip: Milestones in the Fair Office pay bonus money.,İpucu: Fuar Ofisindeki kilometre taşları bonus para kazandırır.
PAUSE_TITLE,Pause,Paused,Duraklatıldı
PAUSE_RESUME,Fortsetzen,Resume,Devam Et
PAUSE_SAVE_MENU,Speichern und zum Hauptmenü,Save and return to menu,Kaydet ve ana menüye dön
PAUSE_LEAVE_MENU,Verlassen und zum Hauptmenü,Leave to main menu,Ana menüye dön
PAUSE_QUIT,Spiel beenden,Quit game,Oyundan çık
PAUSE_COOP_HINT,Im Koop läuft die Zeit weiter.,Time keeps running in co-op.,Birlikte oyunda zaman durmaz.
SET_TITLE,Einstellungen,Settings,Ayarlar
SET_TAB_GRAPHICS,Grafik,Graphics,Grafik
SET_TAB_AUDIO,Ton,Audio,Ses
SET_TAB_CONTROLS,Steuerung,Controls,Kontroller
SET_TAB_LANGUAGE,Sprache,Language,Dil
SET_FULLSCREEN,Vollbild,Fullscreen,Tam ekran
SET_VSYNC,VSync,VSync,VSync
SET_RESOLUTION,Render-Auflösung,Render resolution,Görüntü işleme çözünürlüğü
SET_QUALITY,Grafikqualität,Graphics quality,Grafik kalitesi
SET_QUALITY_LOW,Niedrig,Low,Düşük
SET_QUALITY_MEDIUM,Mittel,Medium,Orta
SET_QUALITY_HIGH,Hoch,High,Yüksek
SET_QUALITY_HINT,"Niedrig: weniger Besucher und Lichter, keine Nachbearbeitung. Ruckelt das Spiel, zuerst die Qualität senken, dann die Auflösung.","Low: fewer visitors and lights, no post-processing. If the game stutters, lower quality first, then resolution.","Düşük: daha az ziyaretçi ve ışık, son işleme yok. Oyun takılırsa önce kaliteyi, sonra çözünürlüğü düşür."
SET_RENDERER,Darstellung,Renderer,Görüntüleme
SET_RENDERER_QUALITY,Qualität (Standard),Quality (default),Kalite (varsayılan)
SET_RENDERER_PERFORMANCE,Leistung — für schwache Grafikchips,Performance — for weak graphics chips,Performans — zayıf ekran kartları için
SET_RENDERER_RESTART,Wird beim nächsten Spielstart übernommen.,Takes effect the next time you start the game.,Oyunu bir sonraki açışında geçerli olur.
SET_VOL_MASTER,Gesamtlautstärke,Master volume,Genel ses
SET_VOL_MUSIC,Musik,Music,Müzik
SET_VOL_SFX,Effekte,Effects,Efektler
SET_VOL_AMBIENT,Umgebung,Ambience,Ortam
SET_MOUSE_SENS,Mausempfindlichkeit,Mouse sensitivity,Fare hassasiyeti
SET_INVERT_Y,Maus Y-Achse umkehren,Invert mouse Y axis,Fare Y eksenini ters çevir
SET_PAD_TITEL,Controller,Controller,Oyun kolu
SET_PAD_KEINER,keiner verbunden,none connected,bağlı değil
SET_PAD_SENS,Stick-Empfindlichkeit,Stick sensitivity,Çubuk hassasiyeti
SET_PAD_INVERT_Y,Stick Y-Achse umkehren,Invert stick Y axis,Çubuk Y eksenini ters çevir
SET_PAD_TOTZONE,Totzone,Dead zone,Ölü bölge
SET_PAD_GLYPHEN,Knopfsymbole,Button icons,Tuş simgeleri
SET_PAD_GLYPH_AUTO,Automatisch,Automatic,Otomatik
SET_PAD_GLYPH_XBOX,Xbox,Xbox,Xbox
SET_PAD_GLYPH_PS,PlayStation,PlayStation,PlayStation
SET_PAD_GLYPH_DECK,Steam Deck,Steam Deck,Steam Deck
SET_KEYBINDS,Tastenbelegung,Key bindings,Tuş atamaları
SET_PRESS_KEY,Taste drücken …,Press a key …,Bir tuşa bas …
SET_RESET_KEYS,Standard wiederherstellen,Restore defaults,Varsayılana dön
SET_OPEN_LOGS,Logordner öffnen,Open log folder,Günlük klasörünü aç
SET_LANGUAGE,Sprache,Language,Dil
SET_LANG_AUTO,Automatisch (System),Automatic (system),Otomatik (sistem)
ACTION_MOVE_FORWARD,Vorwärts,Move forward,İleri
ACTION_MOVE_BACK,Rückwärts,Move back,Geri
ACTION_MOVE_LEFT,Links,Move left,Sol
ACTION_MOVE_RIGHT,Rechts,Move right,Sağ
ACTION_INTERACT,Benutzen,Interact,Etkileşim
ACTION_SPRINT,Rennen,Sprint,Koş
ACTION_EMOTE,Prost,Cheers,Şerefe
ACTION_COSTUME,Kostüm wechseln,Change costume,Kostüm değiştir
ACTION_PAUSE,Pause,Pause,Duraklat
ACTION_HELP,Hilfe,Help,Yardım
HUD_DAY,Tag %d,Day %d,%d. Gün
HUD_TAG,Tag,Day,Gün
HUD_CLOSED,Zelt geschlossen,Tent closed,Çadır kapalı
HUD_POPULARITY,Beliebtheit,Popularity,Popülerlik
HUD_STOCK,Lager,Storage,Depo
HUD_FOOD,Essen,Food,Yemek
HUD_CLEAN,Sauberkeit,Cleanliness,Temizlik
HUD_TASK,Aufgabe %d von %d,Task %d of %d,Görev %d / %d
HUD_TASK_DONE,Erledigt: %s,Done: %s,Tamamlandı: %s
HUD_TASK_SKIP,ESC Tutorial überspringen,ESC Skip tutorial,ESC Eğitimi atla
PAUSE_SKIP_TUTORIAL,Tutorial überspringen,Skip tutorial,Eğitimi atla
HUD_OK,Verstanden,Got it,Anladım
HUD_KOMBO,Kombo ×%d,Combo ×%d,Kombo ×%d
HUD_DAY_SAISON,Tag %d/%d,Day %d/%d,Gün %d/%d
DIFF_LABEL,Schwierigkeit,Difficulty,Zorluk
DIFF_0,"Gemütlich — geduldige Gäste, weniger Miete","Relaxed — patient guests, lower rent","Rahat — sabırlı misafirler, düşük kira"
DIFF_1,Normal,Normal,Normal
DIFF_2,"Festwahnsinn — mehr Gäste, weniger Geduld","Fair frenzy — more guests, less patience","Fuar çılgınlığı — daha çok misafir, daha az sabır"
MSG_FEIERABEND_GROSS,22:00 — Feierabend!,22:00 — closing time!,22:00 — mesai bitti!
COMP_GOODS,Ware nachbestellen,Reorder supplies,Malzeme sipariş et
COMP_GOODS_STOCK,Im Lager: Bier %d · Essen %d · Lieferungen unterwegs: %d,In storage: beer %d · food %d · deliveries on the way: %d,Depoda: bira %d · yemek %d · yoldaki teslimat: %d
WHY_COOK_LICENSE,Erst eine Brezn- oder Würstl-Lizenz kaufen — sonst hat der Koch nichts zu tun,Buy a pretzel or sausage license first — otherwise the cook has nothing to do,Önce brezel ya da sosis lisansı al — yoksa aşçının yapacak işi olmaz
MSG_COOK_LICENSE,Ohne Brezn- oder Würstl-Lizenz hat der Koch nichts zu tun,Without a pretzel or sausage license the cook has nothing to do,Brezel ya da sosis lisansı olmadan aşçının yapacak işi yok
EREIGNIS_REGEN_TITEL,Regen,Rain,Yağmur
EREIGNIS_REGEN_START,"Heute regnet es — draußen ist kaum jemand unterwegs, vielleicht flüchten viele ins Zelt.","Rain today — hardly anyone is outside, maybe many will take shelter in the tent.","Bugün yağmur var — dışarıda pek kimse yok, belki çoğu çadıra sığınır."
MSG_REGEN_VOLL,Alle flüchten vor dem Regen ins Zelt — heute wird es voll!,Everyone is fleeing the rain into the tent — it'll be packed today!,Herkes yağmurdan çadıra kaçıyor — bugün çadır dolacak!
EREIGNIS_FINALE_TITEL,Finale — letzter Festtag,Finale — last day of the fair,Final — fuarın son günü
EREIGNIS_FINALE_START,"Letzter Festtag! Der Star-Act spielt gratis, das Zelt wird rappelvoll!","Last day of the fair! The star act plays for free, the tent will be packed!","Fuarın son günü! Yıldız sanatçı bedava çıkıyor, çadır tıklım tıklım dolacak!"
POPUP_SAISON,"Fest %d ist vorbei!\n\nUmsatz: %s\nGewinn: %s\nBedient: %d\nØ Beliebtheit: %d %%\n\nBewertung: %s\n\nMorgen beginnt das nächste Fest — die Kosten steigen weiter.","Fair %d is over!\n\nRevenue: %s\nProfit: %s\nServed: %d\nØ popularity: %d %%\n\nRating: %s\n\nThe next fair starts tomorrow — costs keep rising.","%d. fuar bitti!\n\nCiro: %s\nKâr: %s\nServis: %d\nOrt. popülerlik: %%%d\n\nPuan: %s\n\nYarın yeni fuar başlıyor — masraflar artmaya devam ediyor."
MS_SAISON_1_TITLE,Erstes Fest geschafft,First fair done,İlk fuar tamam
MS_SAISON_1_TEXT,Spiele ein ganzes Fest bis zum Finale.,Play a whole fair until the finale.,Bir fuarı finaline kadar oyna.
MS_FEST_WIRT_5_TITLE,Fünf Maßkrüge,Five mugs,Beş kupa
MS_FEST_WIRT_5_TEXT,Beende ein Fest mit der Bestbewertung.,Finish a fair with the top rating.,Bir fuarı en yüksek puanla bitir.
MS_TANZ_50_TITLE,Auf den Tischen,On the tables,Masaların üstünde
MS_TANZ_50_TEXT,50 Mal sind Gäste auf deine Tische gestiegen und haben getanzt.,Guests climbed onto your tables and danced 50 times.,Misafirler 50 kez masalarına çıkıp dans etti.
MS_KOTZE_100_TITLE,Kotzbrocken-Zelt,The barf tent,Kusmuk çadırı
MS_KOTZE_100_TEXT,In deinem Zelt wurde 100 Mal gekotzt. Glückwunsch?,Guests threw up 100 times in your tent. Congratulations?,Çadırında 100 kez kusuldu. Tebrikler?
MS_KOMBO_10_TITLE,Flinke Hände,Quick hands,Çevik eller
MS_KOMBO_10_TEXT,Schaffe eine Kombo ×10 beim Bedienen.,Reach a ×10 combo while serving.,Servis yaparken ×10 kombo yap.
MS_SAUBER_5_TITLE,Keine Pfütze,Not a single puddle,Tek birikinti yok
MS_SAUBER_5_TEXT,Schließe 5 Tage ohne eine einzige Pfütze ab.,Finish 5 days without a single puddle.,Tek bir birikinti olmadan 5 gün bitir.
MS_DEKO_10_TITLE,Gemütlich eingerichtet,Cosy furnished,Rahat döşenmiş
MS_DEKO_10_TEXT,Stell 10 Einrichtungsgegenstände in dein Zelt.,Place 10 furnishing items in your tent.,Çadırına 10 eşya yerleştir.
MS_EREIGNIS_10_TITLE,Festveteran,Fair veteran,Fuar kurdu
MS_EREIGNIS_10_TEXT,Erlebe 10 Tagesereignisse.,Experience 10 daily events.,10 günlük olay yaşa.
MS_PERSONAL_8_TITLE,Großbetrieb,Big business,Büyük işletme
MS_PERSONAL_8_TEXT,Beschäftige 8 Leute gleichzeitig.,Employ 8 people at the same time.,Aynı anda 8 kişi çalıştır.
MS_SAISON_3_TITLE,Drei Feste,Three fairs,Üç fuar
MS_SAISON_3_TEXT,Spiele drei ganze Feste bis zum Finale.,Play three whole fairs until the finale.,Üç fuarı finaline kadar oyna.
EREIGNIS_BUS_TITEL,Touristenbus,Tourist bus,Turist otobüsü
EREIGNIS_BUS_START,"Heute kommt ein Touristenbus: viel mehr Gäste, aber sie sind ungeduldig!","A tourist bus arrives today: many more guests, but they're impatient!","Bugün turist otobüsü geliyor: çok daha fazla misafir ama sabırsızlar!"
EREIGNIS_KONTROLLE_TITEL,Hygienekontrolle 15:00,Hygiene inspection 15:00,Hijyen denetimi 15:00
EREIGNIS_KONTROLLE_START,Um 15:00 kommt die Hygienekontrolle — halt das Zelt sauber (mindestens 60 %)!,The hygiene inspection comes at 15:00 — keep the tent clean (at least 60 %)!,Saat 15:00'te hijyen denetimi var — çadırı temiz tut (en az %60)!
MSG_KONTROLLE_OK,Kontrolle bestanden — Beliebtheit +%d %%,Inspection passed — popularity +%d %%,Denetim geçildi — popülerlik +%%%d
MSG_KONTROLLE_STRAFE,Kontrolle durchgefallen — Strafe %s,Inspection failed — fine %s,Denetimden kalındı — ceza %s
EREIGNIS_HAPPY_TITEL,Happy Hour 18–19 Uhr,Happy hour 18–19,Happy hour 18–19
EREIGNIS_HAPPY_START,"Happy Hour von 18 bis 19 Uhr: Bier billiger, das Zelt wird voll!","Happy hour from 18 to 19: cheaper beer, the tent fills up!","18–19 arası happy hour: bira ucuz, çadır dolacak!"
EREIGNIS_FASS_TITEL,Fass kaputt,Broken keg,Fıçı bozuk
EREIGNIS_FASS_START,Ein Fass ist kaputt — eine Sorte gibt es heute nicht.,A keg is broken — one kind of beer is off today.,Bir fıçı bozuk — bugün bir çeşit bira yok.
EREIGNIS_PROSIT_TITEL,Prosit-Tag,Prosit day,Prosit günü
EREIGNIS_PROSIT_START,Heute spielt die Kapelle „Ein Prosit“ — dann bestellen alle auf einmal!,Today the band plays “Ein Prosit” — then everyone orders at once!,Bugün bando “Ein Prosit” çalıyor — o an herkes aynı anda sipariş verir!
MSG_PROSIT,Ein Prosit! Alle wollen jetzt Bier!,Ein Prosit! Everyone wants beer now!,Ein Prosit! Herkes şimdi bira istiyor!
MSG_SCHLAEGEREI_START,"Massenschlägerei! Raufbolde mit E rauswerfen, bevor die Beliebtheit leidet!","Mass brawl! Throw brawlers out with E before popularity suffers!","Toplu kavga! Popülerlik düşmeden kavgacıları E ile dışarı at!"
MSG_EINZELSTREIT_START,"Zwei Gäste prügeln sich — mit E rauswerfen!","Two guests are fighting — throw them out with E!","İki misafir kavga ediyor — E ile dışarı at!"
MSG_SCHLAEGEREI_ENDE,"Schlägerei vorbei — %d rausgeworfen, Beliebtheit −%d %%","Brawl over — %d thrown out, popularity −%d %%","Kavga bitti — %d kişi dışarı atıldı, popülerlik −%%%d"
EREIGNIS_PROMI_TITEL,Promi im Zelt,Celebrity in the tent,Çadırda ünlü
EREIGNIS_PROMI_START,Ein Promi feiert heute im Zelt — doppeltes Trinkgeld!,A celebrity is partying in the tent today — double tips!,Bugün çadırda bir ünlü eğleniyor — çift bahşiş!
HINT_TAKE_MUG,{interact} Krug nehmen,{interact} Take a mug,{interact} Kupa al
HINT_TAKE_ANOTHER,{interact} Noch einen Krug nehmen (bis zu 3),{interact} Take another mug (up to 3),{interact} Bir kupa daha al (en fazla 3)
HINT_KELLER_ZU,"Verschlossen — der Keller gehoert noch der Brauerei (Zelt einmal ausbauen)","Locked — the cellar still belongs to the brewery (upgrade the tent once)","Kilitli — mahzen hala bira fabrikasinin (cadiri bir kez buyut)"
BRAU_FERTIG,"fertig","ready","hazir"
HINT_BRAU_RUEHREN,"{interact} halten: Malz und Wasser ruehren","Hold {interact}: stir malt and water","{interact} basili tut: malt ve suyu karistir"
HINT_BRAU_KOCHEN,"{interact} halten: kochen und hopfen","Hold {interact}: boil and add hops","{interact} basili tut: kaynat ve sahmaran ekle"
HINT_BRAU_WEITER,"Maische fertig — weiter zum Sudkessel","Mash is ready - move on to the kettle","Mayseniz hazir - kazana gecin"
HINT_BRAU_INS_FASS,"Sud fertig — mit Hefe in ein Gaerfass","Wort is ready - into a barrel with yeast","Sira hazir - mayayla bir ficiya"
HINT_BRAU_ERST_MAISCHE,"Erst im Bottich maischen","Mash in the tun first","Once teknede mayse yap"
HINT_BRAU_MALZ_FEHLT,"Kein Malz da (Festbuero, Reiter Ware)","No malt left (office, goods tab)","Malt yok (ofis, mal sekmesi)"
HINT_BRAU_HOPFEN_FEHLT,"Kein Hopfen da (Festbuero, Reiter Ware)","No hops left (office, goods tab)","Sahmaran yok (ofis, mal sekmesi)"
HINT_GAERFASS_FUELLEN,"{interact}: Sud mit Hefe einfuellen","{interact}: fill in the wort with yeast","{interact}: sirayi mayayla doldur"
HINT_GAERFASS_LEER,"Leeres Gaerfass","Empty fermentation barrel","Bos fermentasyon ficisi"
HINT_GAERT,"Gaert noch","Still fermenting","Hala fermente oluyor"
HINT_GAERFASS_FERTIG,"{interact}: Bier ins Lager abfüllen","{interact}: fill the beer into storage","{interact}: birayı depoya doldur"
MSG_ZUTAT_GEKAUFT,"%d x %s gekauft (%s)","%d x %s bought (%s)","%d x %s alindi (%s)"
MSG_MAISCHE_FERTIG,"Maische fertig — jetzt im Sudkessel kochen","Mash is ready - boil it in the kettle now","Mayse hazir - simdi kazanda kaynat"
MSG_HOPFEN_DRIN,"Hopfen ist drin","Hops are in","Sahmaran eklendi"
MSG_HOPFEN_FEHLT,"Ohne Hopfen geht es nicht weiter","Without hops it stops here","Sahmaran olmadan devam etmez"
MSG_HEFE_FEHLT,"Keine Hefe da","No yeast left","Maya yok"
MSG_SUD_FERTIG,"Sud fertig — mit Hefe in ein Gaerfass","Wort is ready - into a barrel with yeast","Sira hazir - mayayla bir ficiya"
MSG_GAERUNG_START,"Gaerung laeuft — in %d Minuten ist das Bier fertig","Fermentation started - the beer is ready in %d minutes","Fermentasyon basladi - bira %d dakikada hazir"
MSG_GAERUNG_FERTIG,"Hausbier fertig: %d Mass im Gaerfass","House beer ready: %d litres in the barrel","Ev birasi hazir: ficida %d bira"
ZUTAT_MALZ,"Malz","Malt","Malt"
ZUTAT_HOPFEN,"Hopfen","Hops","Sahmaran"
ZUTAT_HEFE,"Hefe","Yeast","Maya"
GOODS_ZUTAT_INFO,"Reicht fuer einen Ansatz, kein Tagesaufschlag","Enough for one batch, no daily surcharge","Bir parti icin yeter, gunluk zam yok"
POPUP_KELLER_ZU,"Der Braukeller ist noch zu\n\nBau das Festzelt einmal aus, dann gibt die Brauerei den Keller frei.","The brewing cellar is still locked\n\nUpgrade the tent once and the brewery hands over the cellar.","Bira mahzeni hala kilitli\n\nCadiri bir kez buyut, sonra fabrika mahzeni devreder."
WHY_KELLER_ZU,"Braukeller noch verschlossen — Zelt einmal ausbauen","Brewing cellar still locked - upgrade the tent once","Bira mahzeni hala kilitli - cadiri bir kez buyut"
HINT_TAP,{interact} halten: zapfen,Hold {interact}: pour,{interact} basılı tut: doldur
HUD_KRUG_FUELLT,"%d %% — weiter zapfen","%d %% — keep tapping","%%%d — doldurmaya devam"
HUD_KRUG_VOLL,"Krug voll!","Mug full!","Bardak dolu!"
HINT_KRUG_VOLL,"Krug ist voll — bring ihn zum Gast","The mug is full — take it to the guest","Bardak dolu — misafire götür"
HINT_KRUG_NICHT_VOLL,"Krug ist erst halb voll — am Fass ganz vollzapfen","The mug is only half full — fill it up at the keg","Bardak henüz yarım — fıçıda tamamen doldur"
HINT_NEED_MUG,Erst einen Krug nehmen,Grab a mug first,Önce bir kupa al
HINT_SERVE,{interact} Gast bedienen,{interact} Serve guest,{interact} Misafire servis yap
HINT_WRONG_ORDER,Der Gast möchte etwas anderes,The guest wants something else,Misafir başka bir şey istiyor
HINT_COOK,{interact} halten: zubereiten,Hold {interact}: prepare,{interact} basılı tut: hazırla
HINT_PICKUP,{interact} Paket aufnehmen,{interact} Pick up package,{interact} Paketi al
HINT_RAUSWERFEN,{interact} Raufbold rauswerfen,{interact} Throw the brawler out,{interact} Kavgacıyı dışarı at
HINT_STORE,{interact} Paket einlagern,{interact} Store package,{interact} Paketi depola
HINT_STORAGE,Lager — Pakete hierher bringen,Storage — bring packages here,Depo — paketleri buraya getir
HINT_OFFICE,{interact} Festbüro öffnen,{interact} Open Fair Office,{interact} Fuar Ofisini aç
HINT_OFFICE_SHIFT,Festbüro ist bei offenem Zelt geschlossen,The Fair Office is closed while the tent is open,Çadır açıkken fuar ofisi kapalı
HINT_SLEEP,{interact} Schlafen — neuer Tag,{interact} Sleep — next day,{interact} Uyu — yeni gün
HINT_SLEEP_SHIFT,Schlafen erst nach Feierabend,You can sleep after closing time,Kapanıştan sonra uyuyabilirsin
HINT_MOVE_TABLE,{interact} Tisch verschieben,{interact} Move table,{interact} Masayı taşı
HINT_COMPUTER,{interact} Zelt-Computer,{interact} Tent computer,{interact} Çadır bilgisayarı
HINT_CLEAN,{interact} halten: putzen,Hold {interact}: clean,{interact} basılı tut: temizle
OFFICE_TITLE,Festbüro,Fair Office,Fuar Ofisi
OFFICE_TAB_TENT,Zelt,Tent,Çadır
OFFICE_TAB_LICENSES,Lizenzen,Licenses,Lisanslar
OFFICE_TAB_STAFF,Personal,Staff,Personel
OFFICE_TAB_ACTS,Künstler,Acts,Sanatçılar
OFFICE_TAB_GOODS,Ware,Supplies,Malzeme
OFFICE_TAB_REPORT,Bilanz,Report,Bilanço
OFFICE_CLOSE,Schließen (Esc),Close (Esc),Kapat (Esc)
OFFICE_STATUS,%s · Tische %d/%d · %d Plätze · Miete %s pro Tag,%s · Tables %d/%d · %d seats · Rent %s per day,%s · Masa %d/%d · %d koltuk · Günlük kira %s
TENT_STAGE_0,Kein Zelt,No tent,Çadır yok
TENT_STAGE_1,Kleines Zelt,Small tent,Küçük çadır
TENT_STAGE_2,Mittleres Zelt,Medium tent,Orta çadır
TENT_STAGE_3,Großes Zelt,Large tent,Büyük çadır
TENT_STAGE_4,Riesenzelt,Huge tent,Dev çadır
WORLD_TOILET,WC,WC,WC
WORLD_BRAUKELLER,Braukeller,Brewing cellar,Bira mahzeni
WORLD_LAGER,Lager,Storage,Depo
WORLD_BUERO,Büro,Office,Ofis
RENT_DIALOG_TITLE,Festzelt mieten,Rent a beer tent,Bira çadırı kirala
RENT_DIALOG_INFO,Das Festzelt kostet einmalig %s. Die ersten 5 Tage zahlst du keine Miete.,The beer tent costs %s once. You pay no rent for the first 5 days.,Bira çadırı bir kereliğine %s. İlk 5 gün kira ödemezsin.
RENT_DIALOG_NAME,Wie soll dein Zelt heißen?,What should your tent be called?,Çadırının adı ne olsun?
RENT_DIALOG_PLACEHOLDER,z. B. Zum Durstigen Hirsch,e.g. The Thirsty Stag,örn. Susamış Geyik
RENT_DIALOG_CONFIRM,Mieten · %s,Rent · %s,Kirala · %s
RENT_DIALOG_CANCEL,Abbrechen,Cancel,Vazgeç
TENT_NAME_DEFAULT,Festzelt,Beer Tent,Bira Çadırı
PLAYER_N,Spieler %d,Player %d,Oyuncu %d
LOBBY_TITLE,Willkommen im Festzelt!,Welcome to the beer tent!,Bira çadırına hoş geldin!
LOBBY_SUB,"Ihr führt das Zelt gemeinsam: zapfen, kochen, putzen, Ware schleppen — und jeder darf im Festbüro einkaufen und Personal einstellen.","You run the tent together: pour, cook, clean, haul supplies — and everyone may buy at the fair office and hire staff.","Çadırı birlikte işletiyorsunuz: bira doldurun, pişirin, temizleyin, malzeme taşıyın — ve herkes fuar ofisinden alışveriş yapıp personel alabilir."
LOBBY_NAME,Dein Name,Your name,Adın
LOBBY_NAME_PLACEHOLDER,z. B. Bier-Sepp,e.g. Beer Baron,örn. Bira Baronu
LOBBY_COLOR,Namensfarbe,Name colour,İsim rengi
LOBBY_ALONE,Du bist bisher allein im Zelt.,You are alone in the tent so far.,Şimdilik çadırda yalnızsın.
LOBBY_OTHERS,Schon dabei: %s,Already here: %s,Şimdiden burada: %s
LOBBY_HOWTO_TITLE,So spielt ihr,How to play,Nasıl oynanır
LOBBY_HOWTO,"1. Festbüro: Zelt mieten und taufen, Tische aufstellen, Bier bestellen.\n2. Um 8 Uhr kommen die Gäste. Jeder packt dort an, wo es gerade brennt.\n3. Um 22 Uhr ist Feierabend: im Wohnwagen schlafen — alle stimmen ab, die Mehrheit startet den nächsten Tag.\n{help} zeigt jederzeit die Hilfe.","1. Fair office: rent and name your tent, set up tables, order beer.\n2. Guests arrive at 8:00. Everyone jumps in wherever it gets busy.\n3. Closing time is 22:00: sleep in the caravan — everyone votes, the majority starts the next day.\n{help} shows the help at any time.","1. Fuar ofisi: çadırı kirala ve adlandır, masa kur, bira sipariş et.\n2. Misafirler 8:00'de gelir. Herkes yoğunluk olan yere yardım eder.\n3. Kapanış 22:00: karavanda uyu — herkes oy verir, çoğunluk sonraki günü başlatır.\n{help} her zaman yardımı gösterir."
LOBBY_GO,Start,Start,Başla
VOTE_TITLE,Feierabend?,Call it a night?,Paydos mu?
VOTE_TEXT,%s will schlafen gehen und den nächsten Tag starten.,%s wants to go to bed and start the next day.,%s yatmak ve sonraki günü başlatmak istiyor.
VOTE_COUNT,Ja %d · Nein %d · %d Spieler · noch %d s,Yes %d · No %d · %d players · %d s left,Evet %d · Hayır %d · %d oyuncu · %d sn kaldı
VOTE_YES,Ja,Yes,Evet
VOTE_NO,"Nein, noch eine Maß","No, one more round","Hayır, bir kupa daha"
VOTE_DONE,Abgestimmt — warte auf die anderen …,Voted — waiting for the others …,Oy verildi — diğerleri bekleniyor …
MSG_VOTE_STARTED,%s will schlafen gehen — stimmt ab!,%s wants to go to bed — vote now!,%s yatmak istiyor — oy verin!
MSG_VOTE_YES,Mehrheit dafür (%d von %d) — gute Nacht!,Majority agrees (%d of %d) — good night!,Çoğunluk kabul etti (%d / %d) — iyi geceler!
MSG_VOTE_NO,Keine Mehrheit (%d von %d) — es wird weitergefeiert!,No majority (%d of %d) — the party goes on!,Çoğunluk yok (%d / %d) — parti devam!
WORLD_MESS,Putzen ({interact}),Clean up ({interact}),Temizle ({interact})
WORLD_PACKAGE_1,"Bierfass ×%d\n({interact}: aufnehmen)","Beer keg ×%d\n({interact}: pick up)","Bira fıçısı ×%d\n({interact}: al)"
WORLD_PACKAGE_2,"Zutaten ×%d\n({interact}: aufnehmen)","Ingredients ×%d\n({interact}: pick up)","Malzemeler ×%d\n({interact}: al)"
OFFER_TENT_RENT,Zelt mieten,Rent a tent,Çadır kirala
OFFER_TENT_RENT_INFO,Dein eigenes Festzelt. Ohne Zelt keine Gäste. Die ersten 5 Tage ohne Miete.,"Your own beer tent. No tent, no guests. No rent for the first 5 days.",Kendi bira çadırın. Çadır yoksa misafir de yok. İlk 5 gün kira yok.
HINT_RENT_TENT,{interact} Festzelt mieten,{interact} Rent the beer tent,{interact} Bira çadırını kirala
SIGN_TENT_FOR_RENT,ZU VERMIETEN,FOR RENT,KİRALIK
SIGN_TENT_PRICE,Festzelt · %s,Beer tent · %s,Bira çadırı · %s
OFFER_TABLE,Tisch aufstellen,Place a table,Masa koy
OFFER_TABLE_INFO,Jeder Tisch hat 6 Plätze · aufgestellt: %d von %d,Each table seats 6 · placed: %d of %d,Her masa 6 kişilik · kurulu: %d / %d
OFFER_TABLE_SELL,Tisch verkaufen,Sell a table,Masa sat
OFFER_TABLE_SELL_INFO,Du bekommst die Hälfte zurück.,You get half the price back.,Fiyatın yarısını geri alırsın.
OFFER_TENT_UPGRADE,Zelt vergrößern,Enlarge tent,Çadırı büyüt
OFFER_TENT_UPGRADE_INFO,"Nächste Stufe: %s, bis zu %d Tische","Next: %s, up to %d tables","Sonraki: %s, en fazla %d masa"
OFFER_TOILET,Toilette einbauen,Install a toilet,Tuvalet kur
OFFER_TOILET_INFO,Sonst pinkeln Gäste in die Ecke und beschweren sich.,Otherwise guests pee in the corner and complain.,Yoksa misafirler köşeye işer ve şikâyet eder.
OFFER_MARKETING,Werbung,Advertising,Reklam
OFFER_MARKETING_INFO,Stufe %d · sofort +%d %% Beliebtheit,Level %d · instantly +%d %% popularity,Seviye %d · anında +%%%d popülerlik
OFFER_DEKO,Deko,Decoration,Dekorasyon
OFFER_DEKO_INFO,Stufe %d · +%d %% Einnahmen je Stufe,Level %d · +%d %% income per level,Seviye %d · seviye başına +%%%d gelir
OFFER_LICENSE_INFO,Ohne Lizenz verkaufst du nur Helles.,Without a license you only sell Helles.,Lisans olmadan sadece Helles satarsın.
LIC_WEIZEN,Weizen-Lizenz,Wheat beer license,Buğday birası lisansı
LIC_RADLER,Radler-Lizenz,Radler license,Radler lisansı
LIC_BREZN,Brezn-Lizenz,Pretzel license,Brezel lisansı
LIC_SOSIS,Wurst-Lizenz,Sausage license,Sosis lisansı
LIC_INFO,Danach bestellen Gäste auch das.,Guests will order it too.,Misafirler bunu da sipariş eder.
LIC_FESTBIER,Festbier-Lizenz,Festival beer license,Festival birası lisansı
LIC_HENDL,Hendl-Lizenz,Roast chicken license,Tavuk lisansı
LIC_INFO_LATE,Premium: Gäste zahlen deutlich mehr dafür.,Premium: guests pay a lot more for it.,Premium: misafirler bunun için çok daha fazla öder.
WHY_LIC_LATE,Erst ab Zeltstufe 3,Only from tent level 3,Ancak çadır seviyesi 3'ten itibaren
STAFF_COOK,Koch,Cook,Aşçı
STAFF_WAITER,Kellner,Waiter,Garson
STAFF_CLEANER,Reinigungskraft,Cleaner,Temizlikçi
STAFF_INFO_COOK,"Kocht Brezn und Würstl vor und trägt sie zur Ausgabe an der Theke — du und die Kellner nehmen sie nur noch mit. Braucht eine Brezn- oder Würstl-Lizenz.","Pre-cooks pretzels and sausages and carries them to the pass at the bar — you and the waiters just pick them up. Needs a pretzel or sausage license.","Brezel ve sosisleri önceden pişirip tezgâhtaki servis yerine götürür — sen ve garsonlar sadece alırsınız. Brezel ya da sosis lisansı gerekir."
STAFF_INFO_WAITER,"Bedient Gäste, trägt je nach Stufe 2 bis 12 Krüge. Ohne Zapfer zapft er jeden Krug selbst.","Serves guests, carries 2 to 12 mugs depending on level. Without a bartender he pours every mug himself.","Misafirlere servis yapar, seviyeye göre 2–12 kupa taşır. Barmen yoksa her kupayı kendisi doldurur."
STAFF_TAPSTER,Zapfer,Bartender,Barmen
STAFF_INFO_TAPSTER,"Zapft laufend Bier vor und stellt volle Krüge auf die Ausgabe an der Theke — du und die Kellner müssen nicht mehr selbst zapfen.","Keeps pouring beer and puts full mugs on the pass at the bar — you and the waiters no longer pour yourselves.","Sürekli bira doldurup dolu kupaları tezgâhtaki servis yerine koyar — sen ve garsonlar artık kendiniz doldurmazsınız."
HINT_AUSGABE_TAKE,{interact} Fertiges von der Ausgabe nehmen,{interact} Take from the pass,{interact} Servis yerinden al
HINT_AUSGABE_EMPTY,Ausgabe — Zapfer und Koch stellen hier Fertiges ab,Pass — bartender and cook put finished items here,Servis yeri — barmen ve aşçı hazırları buraya koyar
WORLD_AUSGABE,%d · %d fertig,%d · %d ready,%d · %d hazır
WORLD_AUSGABE_BIER,%d Bier fertig,%d beer ready,%d bira hazır
WORLD_AUSGABE_ESSEN,%d Essen fertig,%d food ready,%d yemek hazır
STAFF_INFO_CLEANER,Putzt Erbrochenes und Pfützen weg.,Cleans up vomit and puddles.,Kusmuk ve birikintileri temizler.
STAFF_WAGE,Lohn %s pro Schicht,Wage %s per shift,Vardiya başı maaş %s
STAFF_EMPLOYED,Im Dienst: %s,Employed: %s,Çalışan: %s
STAFF_NONE,niemand,nobody,kimse
STAFF_COUNT,%d (Stufe %s),%d (level %s),%d (seviye %s)
EIG_SCHNELL,Flink (schneller · Lohn +25 %),Quick (faster · wage +25 %),Çevik (daha hızlı · maaş +%25)
EIG_GEMUETLICH,Gemütlich (langsamer · Lohn −25 %),Laid-back (slower · wage −25 %),Rahat (daha yavaş · maaş −%25)
EIG_CHARMEUR,Charmeur (+Beliebtheit · Lohn +15 %),Charmer (+popularity · wage +15 %),Çapkın (+popülerlik · maaş +%15)
EIG_SCHLUCKSPECHT,Schluckspecht (trinkt nachts Bier · Lohn −30 %),Boozer (drinks beer at night · wage −30 %),Ayyaş (gece bira içer · maaş −%30)
EIG_NORMAL,Unauffällig,Ordinary,Sıradan
ACT_1,Straßenmusiker,Street musician,Sokak müzisyeni
ACT_2,Blaskapelle,Brass band,Bando
ACT_3,Star-Act,Star act,Yıldız sanatçı
ACT_INFO,+%d %% Andrang in der nächsten Schicht · sofort +%d %% Beliebtheit,+%d %% crowd next shift · instantly +%d %% popularity,Sonraki vardiyada +%%%d kalabalık · anında +%%%d popülerlik
ACT_TAB_INFO,Gilt für die nächste Schicht.,Applies to the next shift.,Sonraki vardiya için geçerli.
GOODS_BEER,Bier,Beer,Bira
GOODS_FOOD,Zutaten fürs Essen,Food ingredients,Yemek malzemesi
GOODS_INFO,1 Paket = %d Portionen · %s pro Paket,1 package = %d servings · %s per package,1 paket = %d porsiyon · paket başı %s
GOODS_STOCK,Im Lager: %d · Lieferungen unterwegs: %d,In storage: %d · deliveries on the way: %d,Depoda: %d · yoldaki teslimat: %d
GOODS_TAB_INFO,"Der Lieferwagen kommt nach etwa 30 Sekunden. Dann die Pakete ins Lager tragen, sonst kannst du nichts verkaufen.","The delivery van arrives after about 30 seconds. Carry the packages into storage, or you can't sell anything.","Teslimat aracı yaklaşık 30 saniye sonra gelir. Paketleri depoya taşı, yoksa hiçbir şey satamazsın."
BTN_RENT,Mieten · %s,Rent · %s,Kirala · %s
BTN_PLACE,Aufstellen · %s,Place · %s,Koy · %s
BTN_SELL,Verkaufen · +%s,Sell · +%s,Sat · +%s
BTN_BUY,Kaufen · %s,Buy · %s,Satın al · %s
BTN_HIRE,Einstellen · %s,Hire · %s,İşe al · %s
BTN_UPGRADE,Aufstufen · %s,Upgrade · %s,Yükselt · %s
BTN_UPGRADE_PLAIN,Aufstufen,Upgrade,Yükselt
BTN_BOOK,Buchen · %s,Book · %s,Ayarla · %s
BTN_PACKS,×%d · %s,×%d · %s,×%d · %s
DONE_RENTED,Gemietet,Rented,Kiralandı
DONE_INSTALLED,Eingebaut,Installed,Kuruldu
DONE_OWNED,Vorhanden,Owned,Alındı
WHY_NEED_TENT,Zuerst ein Zelt mieten,Rent a tent first,Önce bir çadır kirala
WHY_MONEY,Zu wenig Geld (Dispo reicht bis %s),Not enough money (overdraft goes down to %s),Yetersiz para (eksi bakiye sınırı %s)
WHY_RESERVE,"Zuerst Bier bestellen — sonst bleibt kein Geld für Ware","Order beer first — otherwise there's no money left for supplies","Önce bira sipariş et — yoksa malzemeye para kalmaz"
WHY_TABLE_LIMIT,Tischgrenze erreicht (%d) — Zelt vergrößern,Table limit reached (%d) — enlarge the tent,Masa sınırı doldu (%d) — çadırı büyüt
WHY_NO_TABLES,Keine Tische aufgestellt,No tables placed,Kurulu masa yok
WHY_MAX_TENT,Größtes Zelt,Largest tent,En büyük çadır
WHY_NO_STAFF,Aufstufen: noch niemand eingestellt,Upgrade: nobody hired yet,Yükseltme: henüz kimse işe alınmadı
WHY_STAFF_MAX,Alle auf höchster Stufe,Everyone is at max level,Hepsi en üst seviyede
WHY_ACT_BOOKED,Schon gebucht: %s,Already booked: %s,Zaten ayarlandı: %s
COMP_TITLE,Zelt-Computer,Tent computer,Çadır bilgisayarı
COMP_PRICE,Bierpreis,Beer price,Bira fiyatı
COMP_PRICE_INFO,"Günstig lockt mehr Gäste, bringt aber weniger je Maß. Teuer bringt mehr je Maß, dafür kommen weniger Gäste.","Cheap draws more guests but earns less per mug. Expensive earns more per mug, but fewer guests come.","Ucuz fiyat daha çok misafir çeker ama kupa başına daha az kazandırır. Pahalı fiyat kupa başına daha çok kazandırır ama daha az misafir gelir."
COMP_PRICE_VALUE,"Helles, Weizen, Radler: %s je Maß\nBrezn, Würstl: %s\nPreis %d %% · Andrang %d %%","Helles, wheat beer, shandy: %s per mug\nPretzel, sausage: %s\nPrice %d %% · crowd %d %%","Helles, buğday birası, radler: kupa başı %s\nBrezel, sosis: %s\nFiyat %%%d · kalabalık %%%d"
BTN_CHEAPER,− 10 %,− 10 %,− 10 %
BTN_PRICIER,+ 10 %,+ 10 %,+ 10 %
COMP_LOBBY,Name und Farbe ändern,Change name and colour,Ad ve rengi değiştir
COMP_CLOSE_TENT,Zelt jetzt schließen (kostet Beliebtheit),Close the tent now (costs popularity),Çadırı şimdi kapat (popülerlik kaybettirir)
REPORT_NONE,Noch keine Schicht gespielt.,No shift played yet.,Henüz vardiya oynanmadı.
REPORT_END_NORMAL,22:00 — Feierabend!,22:00 — closing time!,22:00 — mesai bitti!
REPORT_END_COMPLAINTS,Zu viele Beschwerden — Zelt früh geschlossen,Too many complaints — tent closed early,Çok fazla şikâyet — çadır erken kapandı
REPORT_END_EARLY,Um %02d:00 geschlossen · Beliebtheit −%d %%,Closed at %02d:00 · popularity −%d %%,Kapanış saati %02d:00 · popülerlik −%%%d
REPORT_REVENUE,Umsatz,Revenue,Ciro
REPORT_TIPS,davon Trinkgeld fürs Putzen: %s,incl. tips for cleaning: %s,temizlik bahşişi dahil: %s
REPORT_RENT,Miete,Rent,Kira
REPORT_WAGES,Löhne,Wages,Maaşlar
REPORT_GOODS,Ware,Supplies,Malzeme
REPORT_INTEREST,Zinsen,Interest,Faiz
REPORT_NET,Netto,Net,Net
REPORT_ZIEL,Tagesziel,Daily goal,Günlük hedef
REPORT_WETTE,Wette mit Konrad,Bet with Konrad,Konrad ile bahis
REPORT_BANK,Bankrate (Sepps Schulden),Bank instalment (Sepp's debt),Banka taksiti (Sepp'in borcu)
REPORT_KASSE,Kontostand jetzt,Balance now,Şu anki bakiye
REPORT_SERVED,Serviert %d · Verpasst %d,Served %d · Missed %d,Servis %d · Kaçırılan %d
REPORT_MESS,Pfützen %d · Beschwerden %d · Gäste gegangen %d,Puddles %d · Complaints %d · Guests who left %d,Birikinti %d · Şikâyet %d · Giden misafir %d
MSG_NO_MONEY,Zu wenig Geld für %s (%s),Not enough money for %s (%s),%s için para yetmiyor (%s)
MSG_NEED_TENT,Zuerst ein Zelt mieten (Festbüro),Rent a tent first (Fair Office),Önce bir çadır kirala (Fuar Ofisi)
MSG_TENT_RENTED,%s gemietet! Stell jetzt Tische auf.,%s rented! Now set up tables.,%s kiralandı! Şimdi masa kur.
MSG_TABLE_LIMIT,Tischgrenze erreicht (%d) — Zelt vergrößern,Table limit reached (%d) — enlarge the tent,Masa sınırı doldu (%d) — çadırı büyüt
MSG_TABLE_PLACED,Tisch aufgestellt (%d/%d),Table placed (%d/%d),Masa kuruldu (%d/%d)
MSG_MARKETING,Werbung Stufe %d — Beliebtheit +%d %%,Advertising level %d — popularity +%d %%,Reklam seviye %d — popülerlik +%%%d
MSG_DEKO,Deko Stufe %d — Einnahmen +%d %%,Decoration level %d — income +%d %%,Dekorasyon seviye %d — gelir +%%%d
MSG_TOILET_HAVE,Die Toilette ist schon eingebaut,The toilet is already installed,Tuvalet zaten kurulu
MSG_TOILET_DONE,Toilette eingebaut — keine Pfützen mehr in der Ecke,Toilet installed — no more puddles in the corner,Tuvalet kuruldu — köşede artık birikinti yok
MSG_ACT_BOOKED_ALREADY,Schon gebucht: %s,Already booked: %s,Zaten ayarlandı: %s
MSG_ACT_BOOKED,%s gebucht! Beliebtheit +%d %% · spielt in der nächsten Schicht,%s booked! Popularity +%d %% · plays next shift,%s ayarlandı! Popülerlik +%d %% · sonraki vardiyada çalar
MSG_LIEFERPROBLEM,"Lieferprobleme bei der Brauerei! Das Bier ist knapp: die Gäste zahlen heute %d %% mehr, nachbestellen geht aber nicht.","Delivery trouble at the brewery! Beer is scarce: guests pay %d %% more today, but you cannot reorder.","Bira fabrikasında teslimat sorunu! Bira az: misafirler bugün %%%d fazla ödüyor, ama yeni sipariş veremezsin."
POPUP_LIEFERPROBLEM,"Heute kommt kein Bier mehr\n\nDie Brauerei hat Lieferprobleme. Was im Lager ist, muss für heute reichen — morgen kannst du wieder bestellen.","No more beer today\n\nThe brewery has delivery trouble. What is in storage has to last — you can order again tomorrow.","Bugün bira gelmiyor\n\nBira fabrikasında teslimat sorunu var. Depodaki kadarıyla idare etmelisin — yarın yine sipariş verebilirsin."
HUD_LIEFERPROBLEM,"Lieferprobleme · Bier +%d %% · keine Nachlieferung","Delivery trouble · beer +%d %% · no restock","Teslimat sorunu · bira +%%%d · yeni sevkiyat yok"
WHY_LIEFERPROBLEM,Lieferprobleme — heute kein Bier mehr,Delivery trouble — no more beer today,Teslimat sorunu — bugün bira yok
MSG_GOODS_ORDERED,%d× %s bestellt (%s) — Lieferung in etwa 30 Sekunden,Ordered %d× %s (%s) — delivery in about 30 seconds,%d× %s sipariş edildi (%s) — yaklaşık 30 saniyede teslim
MSG_GOODS_DELIVERED,%d Paket(e) geliefert — bring sie ins Lager,%d package(s) delivered — carry them to storage,%d paket teslim edildi — depoya taşı
MSG_STAFF_HIRED,%s eingestellt: %s · Lohn %s pro Schicht,%s hired: %s · wage %s per shift,%s işe alındı: %s · vardiya başı maaş %s
MSG_STAFF_NONE,Niemand zum Aufstufen: %s,Nobody to upgrade: %s,Yükseltilecek kimse yok: %s
MSG_STAFF_UP,%s jetzt Stufe %d,%s now level %d,%s artık seviye %d
MSG_WAITER_UP,Kellner jetzt Stufe %d — trägt %d Krüge,Waiter now level %d — carries %d mugs,Garson artık seviye %d — %d kupa taşır
MSG_LIC_HAVE,%s ist schon vorhanden,You already have the %s,%s zaten var
MSG_LIC_DONE,%s gekauft — Gäste bestellen das jetzt auch,%s bought — guests will order it now,%s alındı — misafirler artık bunu da sipariş eder
MSG_TENT_MAX,Du hast schon das größte Zelt,You already have the largest tent,Zaten en büyük çadır sende
MSG_TENT_UP,%s! Jetzt bis zu %d Tische,%s! Now up to %d tables,%s! Artık en fazla %d masa
MSG_SLEEP_NEED_TENT,"Erst ein Zelt mieten, dann schlafen","Rent a tent first, then sleep","Önce çadır kirala, sonra uyu"
MSG_SLEEP_NEED_TABLE,Stell zuerst mindestens einen Tisch auf,Place at least one table first,Önce en az bir masa kur
MSG_DAY_START,"Tag %d · 07:00 — Zelt offen! Gäste ab 08:00, Feierabend um 22:00","Day %d · 7:00 — tent open! Guests from 8:00, closing at 22:00","%d. Gün · 07:00 — çadır açık! Misafirler 08:00'den itibaren, kapanış 22:00"
MSG_TABLE_NONE,Kein Tisch zum Verkaufen,No table to sell,Satılacak masa yok
MSG_TABLE_SOLD,Tisch verkauft (+%s) · noch %d,Table sold (+%s) · %d left,Masa satıldı (+%s) · %d kaldı
MSG_STOCK_EMPTY,Lager leer! %s nachbestellen (Festbüro Ware),Storage empty! Reorder %s (Fair Office Supplies),Depo boş! %s sipariş et (Fuar Ofisi Malzeme)
MSG_KEIN_BIER,Kein Bier mehr im Lager! Im Festbüro unter Ware nachbestellen.,No beer left in storage! Reorder it at the fair office under Supplies.,Depoda bira kalmadı! Fuar ofisinde Malzeme sekmesinden sipariş et.
MSG_KEIN_ESSEN,Kein Essen mehr im Lager! Im Festbüro unter Ware nachbestellen.,No food left in storage! Reorder it at the fair office under Supplies.,Depoda yemek kalmadı! Fuar ofisinde Malzeme sekmesinden sipariş et.
HINT_KEIN_BIER,Kein Bier im Lager — im Festbüro nachbestellen,No beer in storage — reorder at the fair office,Depoda bira yok — fuar ofisinden sipariş et
HINT_KEIN_ESSEN,Kein Essen im Lager — im Festbüro nachbestellen,No food in storage — reorder at the fair office,Depoda yemek yok — fuar ofisinden sipariş et
MSG_EVENING,"19:00 — das Zelt wird voll, die Gäste werden ungeduldig","19:00 — the tent fills up, guests get impatient","19:00 — çadır doluyor, misafirler sabırsızlanıyor"
MSG_FEST_FEUERWERK,Das große Fest! Feuerwerk über dem Zelt,The great festival! Fireworks over the tent,Büyük şenlik! Çadırın üzerinde havai fişek
MSG_DAY_END,Feierabend! Netto %s · Bilanz im Festbüro · schlafen startet den nächsten Tag,Closing time! Net %s · report in the Fair Office · sleep to start the next day,Mesai bitti! Net %s · bilanço Fuar Ofisinde · uyumak sonraki günü başlatır
POPUP_RESERVE,"Zuerst Ware einkaufen!\n\nDu hast kein Bier im Lager und keine Lieferung unterwegs.\nBehalte mindestens %s für ein Paket Bier — sonst kannst du nichts verkaufen.\n\nFestbüro Ware","Buy supplies first!\n\nYou have no beer in storage and no delivery on the way.\nKeep at least %s for a package of beer — otherwise you can't sell anything.\n\nFair Office Supplies","Önce malzeme al!\n\nDepoda bira yok ve yolda teslimat yok.\nBir paket bira için en az %s ayır — yoksa hiçbir şey satamazsın.\n\nFuar Ofisi Malzeme"
POPUP_NO_TENT,"Du hast noch kein Zelt!\n\nOhne Festzelt kannst du keine Ware lagern.\nMiete zuerst eins: Festbüro Zelt (%s)","You don't have a tent yet!\n\nWithout a tent you can't store supplies.\nRent one first: Fair Office Tent (%s)","Henüz çadırın yok!\n\nÇadır olmadan malzeme depolayamazsın.\nÖnce bir tane kirala: Fuar Ofisi Çadır (%s)"
QUEST_3_TITLE,Stelle 2 Tische auf,Set up 2 tables,2 masa kur
QUEST_3_TEXT,Festbüro (im Osten) Zelt Tisch aufstellen (200 € pro Tisch).,Fair Office (in the east) Tent Place table (€200 each).,Fuar Ofisi (doğuda) Çadır Masa koy (masa başı 200 €).
QUEST_4_TITLE,Bestelle Bier,Order beer,Bira sipariş et
QUEST_4_TEXT,"Ohne Bier kann niemand bedient werden. Im Festbüro Reiter Ware ein Paket Bier bestellen: Ein Paket reicht für 10 Maß. Kommen später mehr Gäste, bestell gleich mehrere.","Nobody can be served without beer. In the Fair Office Supplies tab, order a package of beer: one package fills 10 mugs. When more guests come later, order several at once.","Bira olmadan kimseye servis yapılamaz. Fuar Ofisi Malzeme sekmesinden bir paket bira sipariş et: Bir paket 10 kupa eder. Sonra daha çok misafir gelince birkaç paket birden al."
QUEST_5_TITLE,Warte auf den Lieferwagen,Wait for the delivery van,Teslimat aracını bekle
QUEST_5_TEXT,"Deine Bestellung ist unterwegs. In etwa 30 Sekunden fährt der Lieferwagen vor, hupt und lädt die Pakete ab. Der Pfeil zeigt schon das Lagerregal im Zelt, wo sie hingehören.","Your order is on its way. In about 30 seconds the delivery van pulls up, honks and unloads the packages. The arrow already shows the storage shelf in the tent where they belong.","Siparişin yolda. Yaklaşık 30 saniye içinde teslimat aracı gelir, korna çalar ve paketleri indirir. Ekrandaki ok, paketlerin koyulacağı çadırdaki depo rafını şimdiden gösteriyor."
QUEST_6_TITLE,Pakete ins Regal räumen,Stock the shelf,Paketleri rafa diz
QUEST_6_TEXT,"Nimm jedes Paket mit {interact}, trag es ins Zelt zum Lagerregal und räume es dort mit {interact} ein. Erst eingeräumtes Bier kann gezapft werden.","Pick up each package with {interact}, carry it into the tent to the storage shelf and stock it there with {interact}. Only stocked beer can be poured.","Her paketi {interact} ile al, çadırdaki depo rafına taşı ve orada {interact} ile yerleştir. Sadece rafa konan bira doldurulabilir."
QUEST_7_TITLE,Schlafe im Wohnwagen,Sleep in your caravan,Karavanında uyu
QUEST_7_TEXT,"Dein Wohnwagen steht in der Gasse im Süden. Schlafen startet den Tag um 07:00, die ersten Gäste kommen nach ein bis zwei Minuten durchs Haupttor.","Your caravan is in the lane to the south. Sleeping starts the day at 7:00; the first guests come through the main gate after a minute or two.","Karavanın güneydeki sokakta. Uyumak günü 07:00'de başlatır, ilk misafirler bir iki dakika sonra ana kapıdan gelir."
QUEST_8_TITLE,Bediene einen Gast,Serve a guest,Bir misafire servis yap
QUEST_8_TEXT,"Krug nehmen, am Fass {interact} gedrückt halten, dann zum Gast und {interact}.","Grab a mug, hold {interact} at a keg, then go to a guest and press {interact}.","Bir kupa al, fıçıda {interact} tuşunu basılı tut, sonra misafire gidip {interact} bas."
QUEST_9_TITLE,Halte bis 22:00 durch,Keep going until 22:00,22:00'ye kadar dayan
QUEST_9_TEXT,"Gäste schleppen Dreck ins Zelt: wisch die Fußspuren regelmäßig weg ({interact} halten), sonst sinkt die Sauberkeit. Danach kommt die Tagesbilanz.","Guests drag dirt into the tent: wipe up the footprints regularly (hold {interact}) or cleanliness drops. Then you get the daily report.","Misafirler çadıra pislik taşır: ayak izlerini düzenli sil ({interact} basılı tut), yoksa temizlik düşer. Ardından günlük bilanço gelir."
QUEST_10_TITLE,Stelle einen Kellner ein,Hire a waiter,Bir garson işe al
QUEST_10_TEXT,Festbüro Personal. Er bedient die Gäste für dich.,Fair Office Staff. They serve guests for you.,Fuar Ofisi Personel. Misafirlere senin yerine servis yapar.
QUEST_11_TITLE,Kaufe eine Lizenz,Buy a license,Bir lisans satın al
QUEST_11_TEXT,Festbüro Lizenzen. Mehr Auswahl bringt mehr Umsatz.,Fair Office Licenses. More choice means more sales.,Fuar Ofisi Lisanslar. Daha fazla çeşit daha fazla satış demek.
QUEST_12_TITLE,Baue eine Toilette ein,Install a toilet,Tuvalet kur
QUEST_12_TEXT,Festbüro Zelt (1.000 €). Sonst pinkeln die Gäste in die Ecke.,"Fair Office Tent (€1,000). Otherwise guests pee in the corner.",Fuar Ofisi Çadır (1.000 €). Yoksa misafirler köşeye işer.
QUEST_13_TITLE,Buche einen Künstler,Book an act,Bir sanatçı ayarla
QUEST_13_TEXT,Festbüro Künstler. Musik lockt mehr Gäste an.,Fair Office Acts. Music draws more guests.,Fuar Ofisi Sanatçılar. Müzik daha çok misafir çeker.
HELP_TITLE,Hilfe,Help,Yardım
HELP_CONTROLS,Steuerung,Controls,Kontroller
HELP_MOUSE,Maus,Mouse,Fare
HELP_CLOSE,Schließen {help},Close {help},Kapat {help}
ACTION_LOOK,Umsehen,Look around,Etrafa bak
ACTION_MOVE,Laufen,Move,Yürü
ACTION_DETAILS,Bestellungen als Text,Show orders as text,Siparişleri yazıyla göster
ACTION_CAMERA,Schulterkamera,Shoulder camera,Omuz kamerası
HELP_STICK_L,Linker Stick,Left stick,Sol çubuk
HELP_STICK_R,Rechter Stick,Right stick,Sağ çubuk
HUD_HELP_HINT,{help} Hilfe · {spielerliste} Spieler,{help} Help · {spielerliste} Players,{help} Yardım · {spielerliste} Oyuncular
PAUSE_HELP,Hilfe und Steuerung,Help and controls,Yardım ve kontroller
HELP_FLOW_TITLE,So läuft ein Tag,How a day works,Bir gün nasıl geçer
HELP_FLOW,"1. Festbüro: Zelt mieten, Tische aufstellen, Bier bestellen.\n2. Auf den Lieferwagen warten und die Pakete ins Lager tragen.\n3. Im Wohnwagen schlafen — der Tag beginnt um 07:00, Gäste kommen ab 08:00.\n4. Hinten Krug nehmen, am Fass zapfen, vorne auf die Ausgabe stellen — dort holen Kellner ab und bedienen. Pfützen und Erbrochenes putzen.\n5. Um 22:00 ist Feierabend: Bilanz lesen, Ware nachkaufen, Zelt ausbauen, schlafen.","1. Fair Office: rent a tent, place tables, order beer.\n2. Wait for the delivery van and carry the packages into storage.\n3. Sleep in your caravan — the day starts at 7:00, guests arrive from 8:00.\n4. Grab a mug at the back, pour at a keg, put it on the pass up front — waiters pick up there and serve. Clean up puddles and vomit.\n5. Closing time is 22:00: read the report, restock, expand the tent, sleep.","1. Fuar Ofisi: çadır kirala, masa kur, bira sipariş et.\n2. Teslimat aracını bekle ve paketleri depoya taşı.\n3. Karavanında uyu — gün 07:00'de başlar, misafirler 08:00'den itibaren gelir.\n4. Arkada kupa al, fıçıda doldur, öndeki servis yerine koy — garsonlar oradan alıp servis yapar. Birikinti ve kusmukları temizle.\n5. Kapanış 22:00: bilançoyu oku, malzeme al, çadırı büyüt, uyu."
HELP_TIPS_TITLE,Tipps,Tips,İpuçları
HELP_TIPS,"• Gäste warten nicht ewig — verpasste Bestellungen kosten Beliebtheit.\n• Mehr Beliebtheit bringt mehr Gäste, ein sauberes Zelt mehr Geld pro Bestellung.\n• Ohne Toilette pinkeln Gäste in die Ecke und beschweren sich.\n• Das Konto darf bis −1.000 € ins Minus; beim Zurückzahlen gehen 5 % Zinsen ab.\n• Zusammen spielen: Jeder darf im Festbüro einkaufen und Personal einstellen.\n• Schlafen startet eine Abstimmung — die Mehrheit entscheidet über den nächsten Tag.\n• Ist das Klo besetzt (rote Lampe), gehen ungeduldige Gäste in eine Ecke — Putzen nicht vergessen!
• Gäste-Icons: Stammgast (treu, gibt Trinkgeld) · Tourist (ungeduldig) · in Tracht (bestellt gern) · VIP (wichtig für die Beliebtheit). [Strg] halten zeigt die Details.
• Gäste tragen Dreck ins Zelt: Fußspuren regelmäßig wischen ([E] halten), sonst sinkt die Sauberkeit.","• Guests don't wait forever — missed orders cost popularity.\n• More popularity brings more guests, a clean tent more money per order.\n• Without a toilet, guests pee in the corner and complain.\n• Your account can go down to −€1,000; paying it back costs 5 % interest.\n• Playing together: everyone may buy at the fair office and hire staff.\n• Going to bed starts a vote — the majority decides on the next day.\n• If the toilet is taken (red lamp), impatient guests go in a corner — don't forget to clean!
• Guest icons: regular (loyal, tips) · tourist (impatient) · in traditional dress (likes to order) · VIP (important for popularity). Hold [Ctrl] for details.
• Guests drag dirt into the tent: wipe up the footprints regularly (hold [E]) or cleanliness drops.","• Misafirler sonsuza kadar beklemez — kaçırılan siparişler popülerlik kaybettirir.\n• Popülerlik daha çok misafir, temiz çadır sipariş başına daha çok para getirir.\n• Tuvalet yoksa misafirler köşeye işer ve şikâyet eder.\n• Hesabın −1.000 €'ya kadar eksiye düşebilir; geri öderken %5 faiz kesilir.\n• Birlikte oynarken: herkes fuar ofisinden alışveriş yapabilir ve personel alabilir.\n• Yatmak bir oylama başlatır — sonraki günü çoğunluk belirler.\n• Tuvalet doluysa (kırmızı lamba) sabırsız misafirler bir köşeye gider — temizlemeyi unutma!
• Misafir simgeleri: müdavim (sadık, bahşiş verir) · turist (sabırsız) · geleneksel kıyafetli (çok sipariş verir) · VIP (popülerlik için önemli). Ayrıntılar için [Ctrl] basılı tut.
• Misafirler çadıra pislik taşır: ayak izlerini düzenli sil ([E] basılı tut), yoksa temizlik düşer."
OFFICE_SEASON,"Tag %d: Miete und Ware +%d %%, Verkaufspreise +%d %%","Day %d: rent and supplies +%d %%, sale prices +%d %%","%d. gün: kira ve malzeme +%%%d, satış fiyatları +%%%d"
OFFICE_LOAN,Rettungskredit: noch %s offen — %d %% jeder Einnahme gehen an die Brauerei,Rescue loan: %s still owed — %d %% of every income goes to the brewery,Kurtarma kredisi: %s borç kaldı — her gelirin %%%d kadarı bira fabrikasına gider
WHY_LOAN,"Gesperrt, bis der Rettungskredit abbezahlt ist",Locked until the rescue loan is paid off,Kurtarma kredisi ödenene kadar kilitli
MSG_LOAN_LOCKED,"Gesperrt, bis der Rettungskredit abbezahlt ist",Locked until the rescue loan is paid off,Kurtarma kredisi ödenene kadar kilitli
MSG_LOAN_PAID,Rettungskredit abbezahlt — Ausbauten sind wieder frei,Rescue loan paid off — expansions are unlocked again,Kurtarma kredisi ödendi — geliştirmeler yeniden açık
REPORT_LOAN,Kredittilgung,Loan repayment,Kredi ödemesi
TIPP_TITEL,Tipps für morgen,Tips for tomorrow,Yarın için ipuçları
TIPP_WARE,"Das Bier war aus, während Gäste warteten — mehr Pakete bestellen.","Beer ran out while guests were waiting — order more packages.","Misafirler beklerken bira bitti — daha fazla paket sipariş et."
TIPP_KELLNER,Viele Bestellungen blieben liegen — stell einen Kellner ein.,Many orders were missed — hire a waiter.,Birçok sipariş kaçtı — bir garson işe al.
TIPP_ZAPFER,"Viele Bestellungen blieben liegen — ein Zapfer zapft vor, dann geht das Bedienen schneller.","Many orders were missed — a bartender pours ahead, so serving goes faster.","Birçok sipariş kaçtı — barmen önceden doldurur, servis hızlanır."
TIPP_MEHR_PERSONAL,Zu viele Gäste für dein Personal — noch einen Kellner oder Personal aufstufen.,Too many guests for your staff — hire another waiter or upgrade staff.,Personelin için çok fazla misafir — bir garson daha al ya da personeli yükselt.
TIPP_TOILETTE,Gäste pinkeln in die Ecke — eine Toilette verhindert Pfützen und Beschwerden.,Guests pee in the corner — a toilet prevents puddles and complaints.,Misafirler köşeye işiyor — tuvalet birikinti ve şikâyetleri önler.
TIPP_REINIGUNG,Viele Beschwerden über Dreck — eine Reinigungskraft putzt für dich.,Many complaints about mess — a cleaner cleans for you.,Pislik yüzünden çok şikâyet — temizlikçi senin yerine temizler.
TIPP_VERLUST,"Heute Verlust — Bierpreis im Zelt-Computer prüfen, Personal passend zur Tischzahl halten.","A loss today — check the beer price on the tent computer, keep staff in line with your tables.","Bugün zarar — çadır bilgisayarında bira fiyatına bak, personeli masa sayısına göre ayarla."
TIPP_LAEUFT,Läuft! Gäste tanzen ab 17 Uhr auf den Tischen — Zeit für den nächsten Ausbau.,Going well! From 17:00 guests dance on the tables — time for the next upgrade.,İşler yolunda! 17:00'den sonra misafirler masalarda dans eder — sıradaki geliştirme zamanı.
POPUP_LOAN,"Pleite! Die Brauerei springt ein.\n\nDein Konto stand bei %s. Sie gleicht es aus — du schuldest ihr jetzt %s.\n\nBis der Kredit abbezahlt ist, gehen %d %% jeder Einnahme an die Brauerei und Ausbauten sind gesperrt. Ware und die ersten zwei Tische gehen weiter.","Broke! The brewery steps in.\n\nYour account was at %s. They cover it — you now owe them %s.\n\nUntil the loan is paid off, %d %% of every income goes to the brewery and expansions are locked. Supplies and the first two tables still work.","İflas! Bira fabrikası devreye giriyor.\n\nHesabın %s idi. Fabrika bunu kapatıyor — artık ona %s borçlusun.\n\nKredi ödenene kadar her gelirin %%%d kadarı fabrikaya gider ve geliştirmeler kilitlenir. Malzeme ve ilk iki masa yine alınabilir."
OFFICE_TAB_GOALS,Ziele,Goals,Hedefler
OFFICE_TAB_DECO,Einrichtung,Furnishing,Süsleme
DECO_TAB_INFO,"Kaufe Lampen und Deko und stell sie im Zelt auf, wo du willst: aufnehmen und abstellen mit der Benutzen-Taste, drehen mit der Prost-Taste, verkaufen (halber Preis) mit der Kostüm-Taste. Neue Sachen stehen am Zelteingang. Aufgestellte Deko macht das Zelt gemütlich: die Gäste warten geduldiger und es kommen mehr (Beliebtheitsgrenze bis +10).","Buy lamps and decorations and place them anywhere in the tent: pick up and put down with the use key, rotate with the cheers key, sell (half price) with the costume key. New items wait at the tent entrance. Decorations make the tent cosy: guests wait more patiently and more of them come (popularity ceiling up to +10).","Lamba ve dekorasyon al, çadırda istediğin yere koy: kullan tuşuyla al ve bırak, şerefe tuşuyla döndür, kostüm tuşuyla sat (yarı fiyat). Yeni eşyalar çadır girişinde durur. Kurulan dekorasyon çadırı rahat yapar: misafirler daha sabırlı bekler ve daha çok gelir (beğeni sınırı en fazla +10)."
DECO_TAB_GEMUET,"Aufgestellt: %d von %d Stücken im Wert von %s — Gemütlichkeit +%d %% Geduld (höchstens +%d %%).","Placed: %d of %d items worth %s — cosiness +%d %% patience (at most +%d %%).","Kurulu: %d / %d eşya, değeri %s — rahatlık sabırda +%%%d (en fazla +%%%d)."
DECO_LATERNE,Laterne,Lantern,Fener
DECO_LATERNE_INFO,Hohe Laterne mit warmem Licht.,Tall lantern with warm light.,Sıcak ışıklı uzun fener.
DECO_STEHLAMPE,Stehlampe,Floor lamp,Ayaklı lamba
DECO_STEHLAMPE_INFO,Gemütliches Licht für eine Ecke.,Cosy light for a corner.,Bir köşe için sıcak ışık.
DECO_LICHTERKETTE,Lichterkette,String lights,Işık zinciri
DECO_LICHTERKETTE_INFO,Bunte Glühbirnen zwischen zwei Masten.,Colourful bulbs between two poles.,İki direk arasında renkli ampuller.
DECO_BLUMEN,Blumenbeet,Flower bed,Çiçek tarhı
DECO_BLUMEN_INFO,Ein bisschen Grün fürs Zelt.,A bit of green for the tent.,Çadıra biraz yeşillik.
DECO_BUSCH,Busch,Bush,Çalı
DECO_BUSCH_INFO,Großer Busch als Raumteiler.,Large bush as a room divider.,Oda bölücü olarak büyük çalı.
DECO_REGAL,Holzregal,Wooden shelf,Ahşap raf
DECO_REGAL_INFO,Freistehendes Regal — frei verschieb- und drehbar.,Free-standing shelf — move and rotate it anywhere.,Serbest duran raf — istediğin yere taşı ve döndür.
DECO_FASS,Deko-Fass,Decorative barrel,Süs fıçısı
DECO_FASS_INFO,Großes Holzfass für eine gemütliche Ecke.,Big wooden barrel for a cosy corner.,Sıcak bir köşe için büyük ahşap fıçı.
DECO_KRONLEUCHTER,Geweih-Kronleuchter,Antler chandelier,Boynuzlu avize
DECO_KRONLEUCHTER_INFO,Hängt unter dem Dach und gibt warmes Licht.,Hangs from the roof and gives warm light.,Çatıdan sarkar ve sıcak ışık verir.
DECO_LICHTERGIRLANDE,Lichtergirlande,Light garland,Işık girlandı
DECO_LICHTERGIRLANDE_INFO,Glühbirnen-Girlande für die Decke.,Bulb garland for the ceiling.,Tavan için ampul girlandı.
DECO_HAENGELATERNE,Hängelaterne,Hanging lantern,Asma fener
DECO_HAENGELATERNE_INFO,Kleine Laterne unter dem Dach.,Small lantern under the roof.,Çatının altında küçük fener.
DECO_HOPFEN,Hopfengirlande,Hop garland,Şerbetçiotu girlandı
DECO_HOPFEN_INFO,Hängt an der Zeltwand.,Hangs on the tent wall.,Çadır duvarına asılır.
DECO_RIESENBREZEL,Riesenbrezel,Giant pretzel,Dev brezel
DECO_RIESENBREZEL_INFO,Das Wahrzeichen jedes Fests — für die Wand.,The landmark of every fair — for the wall.,Her panayırın simgesi — duvar için.
DECO_BANNER,Wirtshaus-Banner,Tavern banner,Meyhane sancağı
DECO_BANNER_INFO,Banner mit Maßkrug für die Zeltwand.,Banner with a beer mug for the tent wall.,Çadır duvarı için bira kupalı sancak.
DECO_WIMPEL,Wimpelkette,Bunting,Flama zinciri
DECO_WIMPEL_INFO,Blau-weiße Wimpel für die Wand.,Blue and white pennants for the wall.,Duvar için mavi-beyaz flamalar.
WHY_DECO_LIMIT,Höchstens %d Gegenstände im Zelt,At most %d items in the tent,Çadırda en fazla %d eşya
MSG_DECO_LIMIT,Höchstens %d Gegenstände im Zelt,At most %d items in the tent,Çadırda en fazla %d eşya
MSG_DECO_BOUGHT,%s gekauft — steht am Zelteingang,%s bought — waiting at the tent entrance,%s alındı — çadır girişinde duruyor
HINT_MOVE_DECO,{interact} Aufnehmen,{interact} Pick up,{interact} Al
HINT_PLACE_DECO,{interact} Abstellen · {emote} Drehen · {costume} Verkaufen,{interact} Put down · {emote} Rotate · {costume} Sell,{interact} Bırak · {emote} Döndür · {costume} Sat
MSG_DECO_SOLD,%s verkauft (+%s),%s sold (+%s),%s satıldı (+%s)
MS_REWARD,Belohnung: %s,Reward: %s,Ödül: %s
MS_DONE,Erreicht,Achieved,Başarıldı
MSG_MILESTONE,Meilenstein: %s — Belohnung %s,Milestone: %s — reward %s,Kilometre taşı: %s — ödül %s
MS_ERSTE_MASS_TITLE,Die erste Maß,The first mug,İlk kupa
MS_ERSTE_MASS_TEXT,Bediene deinen ersten Gast.,Serve your first guest.,İlk misafirine servis yap.
MS_UMSATZ_1000_TITLE,Die ersten 1.000 €,"The first €1,000",İlk 1.000 €
MS_UMSATZ_1000_TEXT,Nimm insgesamt 1.000 € ein.,"Earn €1,000 in total.",Toplam 1.000 € kazan.
MS_TAG_7_TITLE,Eine Woche Fest,A week at the fair,Fuarda bir hafta
MS_TAG_7_TEXT,Schließe 7 Tage ab.,Finish 7 days.,7 günü tamamla.
MS_MASS_100_TITLE,100 Bestellungen,100 orders,100 sipariş
MS_MASS_100_TEXT,Bediene insgesamt 100 Bestellungen.,Serve 100 orders in total.,Toplam 100 sipariş servis et.
MS_ZELT_2_TITLE,Mehr Platz,More room,Daha fazla yer
MS_ZELT_2_TEXT,Vergrößere dein Zelt auf mittlere Größe.,Enlarge your tent to medium size.,Çadırını orta boya büyüt.
MS_PUTZ_50_TITLE,Blitzblank,Spotless,Pırıl pırıl
MS_PUTZ_50_TEXT,Mach 50 Pfützen und Flecken sauber.,Clean up 50 puddles and messes.,50 birikinti ve lekeyi temizle.
MS_ALLE_LIZENZEN_TITLE,Volle Karte,Full menu,Tam menü
MS_ALLE_LIZENZEN_TEXT,Kaufe alle vier Lizenzen.,Buy all four licenses.,Dört lisansın hepsini al.
MS_UMSATZ_10000_TITLE,10.000 € Umsatz,"€10,000 revenue",10.000 € ciro
MS_UMSATZ_10000_TEXT,Nimm insgesamt 10.000 € ein.,"Earn €10,000 in total.",Toplam 10.000 € kazan.
MS_KELLNER_5_TITLE,Meisterkellner,Master waiter,Usta garson
MS_KELLNER_5_TEXT,Bring einen Kellner auf Stufe 5.,Get a waiter to level 5.,Bir garsonu 5. seviyeye çıkar.
MS_TAG_30_TITLE,Ein Monat Fest,A month at the fair,Fuarda bir ay
MS_TAG_30_TEXT,Schließe 30 Tage ab.,Finish 30 days.,30 günü tamamla.
MS_MASS_1000_TITLE,1.000 Bestellungen,"1,000 orders",1.000 sipariş
MS_MASS_1000_TEXT,Bediene insgesamt 1.000 Bestellungen.,"Serve 1,000 orders in total.",Toplam 1.000 sipariş servis et.
MS_ZELT_3_TITLE,Das große Zelt,The big tent,Büyük çadır
MS_ZELT_3_TEXT,Vergrößere dein Zelt auf die größte Stufe.,Enlarge your tent to the largest size.,Çadırını en büyük boya büyüt.
MS_UMSATZ_100000_TITLE,Festwirt,Beer tent tycoon,Çadır patronu
MS_UMSATZ_100000_TEXT,Nimm insgesamt 100.000 € ein.,"Earn €100,000 in total.",Toplam 100.000 € kazan.
CREDITS_TITLE,Mitwirkende,Credits,Emeği Geçenler
CREDITS_BODY,"Spielidee und Entwicklung\nSerdar Vapur\n\nKirmes-Modelle\nAmusement Park Pack\n\nFiguren und Zelt\nerstellt mit Meshy und Blender\n\nMusik\nerstellt mit AIMusic.so\n\nEngine\nGodot Engine\n\nSteam-Anbindung\nGodotSteam\n\nLizenzhinweise stehen unten.","Game design and development\nSerdar Vapur\n\nFairground models\nAmusement Park Pack\n\nCharacters and tent\ncreated with Meshy and Blender\n\nMusic\ncreated with AIMusic.so\n\nEngine\nGodot Engine\n\nSteam integration\nGodotSteam\n\nLicence notices are below.","Oyun tasarımı ve geliştirme\nSerdar Vapur\n\nLunapark modelleri\nAmusement Park Pack\n\nKarakterler ve çadır\nMeshy ve Blender ile yapıldı\n\nMüzik\nAIMusic.so ile yapıldı\n\nOyun motoru\nGodot Engine\n\nSteam bağlantısı\nGodotSteam\n\nLisans bildirimleri aşağıdadır."
CREDITS_LICENSES,Lizenzhinweise,Licence notices,Lisans bildirimleri
WORLD_COMPUTER,"Zelt-Computer\n({interact}: Bierpreis · Bilanz)","Tent computer\n({interact}: beer price · report)","Çadır bilgisayarı\n({interact}: bira fiyatı · bilanço)"
WORLD_MUGS,Krüge,Mugs,Kupalar
WORLD_OFFICE,"Festbüro\n({interact}: Zelt · Personal · Ware)","Fair Office\n({interact}: tent · staff · supplies)","Fuar Ofisi\n({interact}: çadır · personel · malzeme)"
WORLD_OFFICE_SIGN,FESTBÜRO,FAIR OFFICE,FUAR OFİSİ
WORLD_CARAVAN,"Wohnwagen\n({interact}: schlafen nächster Tag)","Caravan\n({interact}: sleep next day)","Karavan\n({interact}: uyu sonraki gün)"
WORLD_KIOSK,"Zelt buchen\n({interact})","Book a tent\n({interact})","Çadır kirala\n({interact})"
WORLD_STAGE,BÜHNE,STAGE,SAHNE
WORLD_KEG_1,Helles,Helles,Helles
WORLD_KEG_2,Weizen,Wheat beer,Buğday birası
WORLD_KEG_3,Radler,Shandy,Radler
WORLD_KEG_4,Festbier,Festival beer,Festival birası
WORLD_KEG_5,Wasser,Water,Su
WORLD_SCHIESSSTAND,Schießbude,Shooting Gallery,Atış Standı
HINT_SCHIESSSTAND,{interact} Schießen (2 €),{interact} Shoot (€2),{interact} Ateş et (2 €)
SCHIESS_ANZEIGE,"Treffer: %d · Schuss: %d · Zeit: %d s · Maus zielt, Linksklick schießt, Esc beendet","Hits: %d · Shots: %d · Time: %d s · Mouse aims, left click shoots, Esc quits","İsabet: %d · Atış: %d · Süre: %d sn · Fare nişan alır, sol tık ateş, Esc çıkış"
WORLD_KIRMES_SPIEL,Kirmesspiel,fair game,panayır oyunu
HINT_DOSENWURF,{interact} Dosenwerfen (2 €),{interact} Can throwing (€2),{interact} Kutu devirme (2 €)
HINT_LUKAS,{interact} Hau den Lukas (2 €),{interact} High striker (€2),{interact} Güç ölçer (2 €)
DOSENWURF_ANZEIGE,"Umgeworfen: %d von %d · Bälle: %d · Maus zielt, Maustaste halten und loslassen wirft, Esc beendet","Knocked over: %d of %d · Balls: %d · Mouse aims, hold and release the button to throw, Esc quits","Devrilen: %d / %d · Top: %d · Fare nişan alır, tuşu basılı tutup bırakınca atar, Esc çıkış"
DOSENWURF_KRAFT,Wurfkraft,Throw power,Atış gücü
LUKAS_ANZEIGE,"Punkte: %d von 10 · Schläge: %d · Linksklick schlägt zu, wenn die Kraft oben ist · Esc beendet","Points: %d of 10 · Swings: %d · Left click strikes when the power is at the top · Esc quits","Puan: %d / 10 · Vuruş: %d · Güç en üstteyken sol tıkla vur · Esc çıkış"
LUKAS_KRAFT,Im richtigen Moment zuschlagen — ganz oben klingelt die Glocke!,Strike at the right moment — at the very top the bell rings!,Doğru anda vur — en üstte çan çalar!
MSG_KIRMES_GEWINN,"%d von 10 Punkten — du gewinnst: %s (%s)!","%d of 10 points — you win: %s (%s)!","10 üzerinden %d puan — kazandın: %s (%s)!"
MSG_KIRMES_NIETE,"%d von 10 Punkten — leider eine Niete. Ab 4 Punkten gibt es einen Preis!","%d of 10 points — no prize this time. 4 points win a prize!","10 üzerinden %d puan — maalesef boş. 4 puandan itibaren ödül var!"
SCHIESS_LUFT,Leertaste halten: Luft anhalten · Glocke zählt doppelt,Hold Space: hold your breath · the bell counts double,Boşluk tuşunu basılı tut: nefesini tut · çan iki kat sayılır
SCHIESS_LUFT_PAD,LT halten: Luft anhalten · Glocke zählt doppelt,Hold LT: hold your breath · the bell counts double,LT'yi basılı tut: nefesini tut · çan iki kat sayılır
PREIS_TEDDY,Teddybär,teddy bear,oyuncak ayı
PREIS_HERZ,Lebkuchenherz,gingerbread heart,zencefilli kurabiye kalbi
PREIS_ROSE,Plastikrose,plastic rose,plastik gül
MSG_SCHIESS_GEWINN,"%d Treffer — du gewinnst: %s (%s)!","%d hits — you win: %s (%s)!","%d isabet — kazandın: %s (%s)!"
MSG_SCHIESS_NIETE,"%d Treffer — leider eine Niete. Ab 4 Treffern gibt es einen Preis!","%d hits — no prize this time. 4 hits win a prize!","%d isabet — maalesef boş. 4 isabetten itibaren ödül var!"
HINT_WASSER_GEBEN,{interact} Wasser geben (nüchterner),{interact} Give water (sobers up),{interact} Su ver (ayıltır)
HINT_HEIMBRINGEN,{interact} Bierleiche heimbringen,{interact} Take the passed-out guest home,{interact} Sızan misafiri eve götür
MSG_BIERLEICHE,"Ein Gast ist eingeschlafen — Wasser bringen oder mit leeren Händen heimbringen, sonst kotzt er!","A guest passed out — bring water or take them home with empty hands, or they'll throw up!","Bir misafir sızdı — su getir ya da boş elle eve götür, yoksa kusacak!"
WORLD_FOOD_3,"Hendl ({interact} halten)","Roast chicken (hold {interact})","Tavuk ({interact} basılı tut)"
WORLD_FOOD_1,"Brezn ({interact} halten)","Pretzel (hold {interact})","Brezel ({interact} basılı tut)"
WORLD_FOOD_2,"Würstl ({interact} halten)","Sausage (hold {interact})","Sosis ({interact} basılı tut)"
WORLD_STORAGE,"LAGER %d\nHier: Bier %d · Essen %d\nGesamt: Bier %d · Essen %d\n({interact}: Paket einlagern)","STORAGE %d\nHere: beer %d · food %d\nTotal: beer %d · food %d\n({interact}: store package)","DEPO %d\nBurada: bira %d · yemek %d\nToplam: bira %d · yemek %d\n({interact}: paketi depola)"
ACTION_SCREENSHOT,Bildschirmfoto,Screenshot,Ekran görüntüsü
ACTION_PING,Markieren (für Mitspieler),Ping (for teammates),İşaretle (takım arkadaşları için)
MSG_SCREENSHOT,Bildschirmfoto gespeichert: %s,Screenshot saved: %s,Ekran görüntüsü kaydedildi: %s
KOOP_TITLE,Mit Freunden spielen,Play with friends,Arkadaşlarla oyna
KOOP_SUB,Einer erstellt das Spiel und schickt den Code herum — alle anderen treten mit dem Code bei.,One of you creates the game and shares the code — everyone else joins with it.,Biri oyunu kurar ve kodu paylaşır — diğer herkes bu kodla katılır.
KOOP_HOST_HEAD,Spiel eröffnen,Host a game,Oyun kur
KOOP_HOST_TEXT,Du bekommst einen Code und startest das Spiel für alle.,You get a code and start the game for everyone.,Bir kod alırsın ve oyunu herkes için başlatırsın.
KOOP_JOIN_HEAD,Dabei sein,Join in,Katıl
KOOP_ROOM_TITLE,Warteraum,Waiting room,Bekleme odası
KOOP_CREATE,Neues Spiel erstellen,Create a new game,Yeni oyun kur
KOOP_OR,— oder —,— or —,— ya da —
KOOP_CODE_PLACEHOLDER,"Code, z. B. BREZN-42","Code, e.g. BREZN-42","Kod, örn. BREZN-42"
KOOP_JOIN,Mit Code beitreten,Join with code,Kodla katıl
KOOP_MORE,Offizieller Server / IP,Official server / IP,Resmi sunucu / IP
KOOP_NEED_NAME,Gib zuerst deinen Namen ein.,Enter your name first.,Önce adını gir.
KOOP_NEED_CODE,Gib den Einladungscode ein.,Enter the invite code.,Davet kodunu gir.
KOOP_WORKING,Einen Moment …,One moment …,Bir saniye …
KOOP_INVITE,Einladungscode,Invite code,Davet kodu
KOOP_INVITE_HINT,Schick diesen Code deinen Freunden.,Send this code to your friends.,Bu kodu arkadaşlarına gönder.
KOOP_COPY,Kopieren,Copy,Kopyala
KOOP_COPIED,Kopiert!,Copied!,Kopyalandı!
KOOP_PLAYERS,%d von %d Spielern,%d of %d players,%d / %d oyuncu
KOOP_EMPTY_SLOT,Platz frei …,Free seat …,Boş yer …
KOOP_HOST_TAG,Gastgeber,Host,Ev sahibi
KOOP_YOU,(du),(you),(sen)
KOOP_IN_GAME,schon im Spiel,already in the game,zaten oyunda
KOOP_FIGURE,Deine Figur,Your character,Karakterin
KOOP_START,Los geht's!,Let's go!,Hadi başlayalım!
KOOP_ENTER,Ins Spiel!,Join the game!,Oyuna gir!
KOOP_WAIT_HOST,"Warte, bis %s das Spiel startet …",Waiting for %s to start the game …,%s oyunu başlatana kadar bekleniyor …
KOOP_STARTING,Das Zelt wird aufgebaut … (bis zu 30 Sekunden),Setting up the tent … (up to 30 seconds),Çadır kuruluyor … (30 saniyeye kadar)
KOOP_CONNECTING,Verbinde mit dem Spiel …,Connecting to the game …,Oyuna bağlanılıyor …
KOOP_LEAVE,Verlassen,Leave,Ayrıl
KOOP_BACK,Zurück,Back,Geri
KOOP_FIG_0,Otto,Otto,Otto
KOOP_FIG_1,Wilhelm,Wilhelm,Wilhelm
KOOP_FIG_2,Lisa,Lisa,Lisa
KOOP_FIG_3,Franz,Franz,Franz
KOOP_FIG_4,Hans,Hans,Hans
KOOP_FIG_5,Georg,Georg,Georg
KOOP_FIG_6,Ludwig,Ludwig,Ludwig
KOOP_FIG_7,Max,Max,Max
KOOP_FIG_8,Toni,Toni,Toni
KOOP_FIG_9,Karl,Karl,Karl
KOOP_FIG_10,Hanne,Hanne,Hanne
KOOP_FIG_11,Tina,Tina,Tina
KOOP_FIG_12,Silke,Silke,Silke
KOOP_FIG_13,Franz,Franz,Franz
CREATOR_HUT_OHNE,Kein Hut,No hat,Şapka yok
CREATOR_HUT_FILZHUT,Filzhut,Felt hat,Keçe şapka
CREATOR_HUT_TIROLER,Tirolerhut,Tyrolean hat,Tirol şapkası
CREATOR_HUT_SCHIEBER,Schiebermütze,Flat cap,Yassı kasket
CREATOR_HUT_STROH,Strohhut,Straw hat,Hasır şapka
CREATOR_HUT_ZYLINDER,Zylinder,Top hat,Silindir şapka
CREATOR_HUT_WOLLMUETZE,Wollmütze,Beanie,Bere
CREATOR_HUT_MELONE,Melone,Bowler hat,Melon şapka
CREATOR_HUT_CAP,Baseballcap,Baseball cap,Beyzbol şapkası
CREATOR_HUT_FISCHER,Fischerhut,Bucket hat,Balıkçı şapkası
CREATOR_HUT_COWBOY,Cowboyhut,Cowboy hat,Kovboy şapkası
CREATOR_HUT_STIRNBAND,Stirnband,Headband,Kafa bandı
CREATOR_HUT_KOCH,Kochmütze,Chef hat,Aşçı şapkası
CREATOR_BRILLE_SECURITY,Security-Brille,Security shades,Güvenlik gözlüğü
CREATOR_JACKE_KOCH,Kochjacke,Chef jacket,Aşçı ceketi
CREATOR_JACKE_WARNWESTE,Warnweste,Hi-vis vest,Reflektörlü yelek
CREATOR_SCHUERZE_ARBEIT,Arbeitsschürze,Work apron,İş önlüğü
CREATOR_BRILLE_OHNE,Keine Brille,No glasses,Gözlük yok
CREATOR_BRILLE_RUND,Runde Brille,Round glasses,Yuvarlak gözlük
CREATOR_BRILLE_ECKIG,Eckige Brille,Square glasses,Kare gözlük
CREATOR_BRILLE_PILOT,Pilotenbrille,Aviators,Pilot gözlüğü
CREATOR_BRILLE_WAYFARER,Wayfarer,Wayfarer,Wayfarer
CREATOR_BRILLE_LESE,Lesebrille,Reading glasses,Okuma gözlüğü
CREATOR_BRILLE_OVAL,Ovale Brille,Oval glasses,Oval gözlük
CREATOR_BRILLE_SONNE_RUND,Sonnenbrille rund,Round sunglasses,Yuvarlak güneş gözlüğü
CREATOR_BRILLE_SONNE_ECKIG,Sonnenbrille eckig,Square sunglasses,Kare güneş gözlüğü
CREATOR_BRILLE_MONOKEL,Monokel,Monocle,Monokl
CREATOR_BRILLE_HERZ,Herzbrille,Heart glasses,Kalp gözlük
CREATOR_AUGE_GROSS,Große Augen,Big eyes,Büyük gözler
CREATOR_AUGE_KLEIN,Kleine Augen,Small eyes,Küçük gözler
CREATOR_AUGE_OVAL_HOCH,Hohe Ovale,Tall ovals,Uzun oval
CREATOR_AUGE_OVAL_BREIT,Breite Ovale,Wide ovals,Geniş oval
CREATOR_AUGE_MUEDE,Müde,Sleepy,Uykulu
CREATOR_AUGE_WUETEND,Wütend,Angry,Kızgın
CREATOR_AUGE_SCHIELEND,Schielend,Cross-eyed,Şaşı
CREATOR_AUGE_PUNKTE,Punktaugen,Dot eyes,Nokta gözler
CREATOR_AUGE_PUPILLEN,Große Pupillen,Big pupils,Büyük göz bebekleri
CREATOR_AUGE_ZWINKERND,Zwinkernd,Winking,Göz kırpan
CREATOR_EMO_FREUNDLICH,Freundlich,Friendly,Dost canlısı
CREATOR_EMO_WUETEND,Wütend,Angry,Kızgın
CREATOR_EMO_FROEHLICH,Fröhlich,Happy,Neşeli
CREATOR_EMO_TRAURIG,Traurig,Sad,Üzgün
CREATOR_EMO_UEBERRASCHT,Überrascht,Surprised,Şaşırmış
CREATOR_EMO_SKEPTISCH,Skeptisch,Skeptical,Şüpheci
CREATOR_EMO_GENERVT,Genervt,Annoyed,Bıkkın
CREATOR_EMO_GRINSEND,Fies grinsend,Smirking,Sinsi gülen
CREATOR_BART_OHNE,Rasiert,Clean-shaven,Tıraşlı
CREATOR_BART_SCHNAUZER,Bayerischer Schnauzer,Handlebar mustache,Bavyera bıyığı
CREATOR_BART_WALROSS,Walross,Walrus mustache,Mors bıyığı
CREATOR_BART_FUMANCHU,Fu-Manchu,Fu Manchu,Fu Manchu
CREATOR_BART_KINN,Kinnbart,Goatee,Keçi sakalı
CREATOR_BART_BACKEN,Backenbart,Mutton chops,Favori
CREATOR_BART_VOLL,Vollbart,Full beard,Gür sakal
CREATOR_BART_STOPPELN,Dreitagebart,Stubble,Uzamış sakal
CREATOR_BART_ZOTTELN,Langer Bart,Long beard,Uzun sakal
CREATOR_BART_KINNBAND,Kinnband,Chin strap,Çene bandı
CREATOR_BART_HUFEISEN,Hufeisenbart,Horseshoe mustache,At nalı bıyığı
CREATOR_TAB_LOOK,Aussehen,Look,Görünüm
CREATOR_TAB_HEAD,Kopf,Head,Baş
CREATOR_TAB_CLOTHES,Kleidung,Clothes,Giysi
CREATOR_FRISUR,Frisur,Hairstyle,Saç
CREATOR_FRISUR_OHNE,Keine Frisur,No hairstyle,Saçsız
CREATOR_FRISUR_BOB,Bob,Bob,Küt saç
CREATOR_FRISUR_LANG,Lange Haare,Long hair,Uzun saç
CREATOR_FRISUR_ZOEPFE,Zöpfe,Braids,Örgüler
CREATOR_FRISUR_DUTT,Dutt,Bun,Topuz
CREATOR_FRISUR_PFERDESCHWANZ,Pferdeschwanz,Ponytail,At kuyruğu
CREATOR_FRISUR_KURZ,Kurzhaarschnitt,Pixie cut,Kısa saç
CREATOR_DIRNDL,Dirndl,Dirndl,Dirndl
CREATOR_BLUSE,Bluse,Blouse,Bluz
CREATOR_BLUSE_LANG,Bluse (langärmlig),Blouse (long sleeves),Bluz (uzun kollu)
CREATOR_BLUSE_KURZ,Bluse (kurz),Blouse (short),Bluz (kısa)
CREATOR_DIRNDL_KLASSISCH_KURZ,Klassisches Dirndl (kurz),Classic dirndl (short),Klasik dirndl (kısa)
CREATOR_DIRNDL_KLASSISCH_LANG,Klassisches Dirndl (lang),Classic dirndl (long),Klasik dirndl (uzun)
CREATOR_DIRNDL_TRACHT,Tracht mit langen Ärmeln,Traditional dress with long sleeves,Uzun kollu geleneksel elbise
CREATOR_DIRNDL_LANDHAUS,Landhauskleid,Country dress,Kır elbisesi
CREATOR_KLEID,Kleid,Dress,Elbise
CREATOR_SCHUERZE,Schürze,Apron,Önlük
CREATOR_HEMD,Hemd,Shirt,Gömlek
CREATOR_JACKE,Jacke,Jacket,Ceket
CREATOR_HOSE,Hose,Trousers,Pantolon
CREATOR_STOFF,Stoff,Fabric,Kumaş
CREATOR_MUSTER,Muster,Pattern,Desen
CREATOR_HEMD_OHNE,Kein Hemd,No shirt,Gömlek yok
CREATOR_HEMD_KARO,Karohemd,Checked shirt,Kareli gömlek
CREATOR_HEMD_KARO_KURZ,Karohemd kurz,Short checked shirt,Kısa kollu kareli gömlek
CREATOR_HEMD_LEINEN,Leinenhemd,Linen shirt,Keten gömlek
CREATOR_JACKE_OHNE,Keine Jacke,No jacket,Ceket yok
CREATOR_JACKE_JANKER,Janker,Folk jacket,Bavyera ceketi
CREATOR_SCHUHE,Schuhe,Shoes,Ayakkabı
CREATOR_SCHUH_OHNE,Barfuß,Barefoot,Çıplak ayak
CREATOR_SCHUH_HALB,Halbschuhe,Dress shoes,Klasik ayakkabı
CREATOR_SCHUH_HAFERL,Haferlschuhe,Traditional shoes,Geleneksel ayakkabı
CREATOR_SCHUH_SNEAKER,Turnschuhe,Sneakers,Spor ayakkabı
CREATOR_SCHUH_STIEFEL,Arbeitsstiefel,Work boots,İş botu
CREATOR_SCHUH_CLOG,Clogs,Clogs,Takunya
CREATOR_SCHUH_BALLERINA,Ballerinas,Ballet flats,Babet
CREATOR_SCHUH_SPANGEN,Spangenschuhe,Strap shoes,Bilekli ayakkabı
CREATOR_JACKE_WESTE,Weste,Vest,Yelek
CREATOR_HOSE_OHNE,Keine Hose,No trousers,Pantolon yok
CREATOR_HOSE_LEDER,Lederhose,Lederhosen,Deri pantolon
CREATOR_HOSE_KNIEBUND,Kniebundhose,Knee breeches,Diz bağlı pantolon
LOBBY_PICK_FIGURE,Figur wählen,Choose character,Karakter seç
LOBBY_FIGURE_TAKEN,Ausgegraute Figuren hat schon jemand.,Greyed-out characters are taken.,Gri karakterler başkasında.
LOBBY_FIGURE_DONE,Fertig,Done,Tamam
SW_TITLE,Warteraum,Waiting room,Bekleme odası
SW_SUB,Steam-Lobby · %d von %d Plätzen belegt,Steam lobby · %d of %d seats taken,Steam lobisi · %d / %d yer dolu
SW_CODE,Beitrittscode,Join code,Katılım kodu
SW_COPY,Kopieren,Copy,Kopyala
SW_COPIED,Kopiert,Copied,Kopyalandı
SW_FRIENDS,Steam-Freunde online,Steam friends online,Çevrimiçi Steam arkadaşları
SW_NO_FRIENDS,Gerade ist kein Freund online.,No friends are online right now.,Şu an çevrimiçi arkadaş yok.
SW_INVITE,Einladen,Invite,Davet et
SW_INVITED,Eingeladen,Invited,Davet edildi
SW_INVITE_SLOT,Freund einladen,Invite a friend,Arkadaş davet et
SW_INVITE_SLOT_SUB,öffnet das Steam-Overlay,opens the Steam overlay,Steam arayüzünü açar
SW_HOST,Host,Host,Ev sahibi
SW_YOU,Du,You,Sen
SW_READY,Bereit,Ready,Hazır
SW_SET_READY,Ich bin bereit,I'm ready,Hazırım
SW_NO_FIGURE,Wählt Figur …,Choosing …,Seçiyor …
SW_START,Spiel starten,Start game,Oyunu başlat
SW_JOIN,Spiel beitreten,Join game,Oyuna katıl
SW_LEAVE,Lobby verlassen,Leave lobby,Lobiden ayrıl
SW_WAIT_HOST,Warte auf %s …,Waiting for %s …,%s bekleniyor …
SW_STARTING,Das Spiel startet …,The game is starting …,Oyun başlıyor …
SW_RUNNING,Das Spiel läuft schon — steig ein.,The game is already running — jump in.,Oyun zaten başladı — katıl.
SW_ST_PLAYING,Spielt Sloptoberfest,Playing Sloptoberfest,Sloptoberfest oynuyor
SW_ST_ONLINE,Online,Online,Çevrimiçi
SW_ST_AWAY,Abwesend,Away,Uzakta
SW_WORLD,Spielstand,Save game,Oyun kaydı
SW_WORLD_LOAD,Platz %d · Tag %d,Slot %d · Day %d,Yuva %d · %d. Gün
SW_WORLD_NEW,Neues Spiel · Platz %d,New game · Slot %d,Yeni oyun · Yuva %d
SW_WORLD_DIFF,Schwierigkeit: %s,Difficulty: %s,Zorluk: %s
SW_WORLD_CHANGE,Ändern,Change,Değiştir
SW_WORLD_HOST_PICKS,Der Host wählt den Spielstand.,The host chooses the save game.,Kaydı ev sahibi seçer.
SW_WORLD_TITLE,Welche Welt soll es sein?,Which world do you want?,Hangi dünya olsun?
SW_WORLD_HINT,Mit »Weiterspielen« geht es mit dem gespeicherten Stand weiter. Mit »Neu beginnen« startet ihr frisch — der alte Stand auf diesem Platz geht dabei verloren.,"»Continue« resumes the saved game. »Start new« begins fresh — the old save in that slot is lost.","»Devam et« kayıtlı oyundan sürdürür. »Yeni başla« sıfırdan başlatır — o yuvadaki eski kayıt kaybolur."
SW_WORLD_LOAD_BTN,Weiterspielen,Continue,Devam et
SW_WORLD_NEW_BTN,Neu beginnen,Start new,Yeni başla
SW_WORLD_OVERWRITE,Überschreiben?,Overwrite?,Üzerine yazılsın mı?
SW_WORLD_CANCEL,Abbrechen,Cancel,İptal
LOBBY_ERR_VERSION,"Es gibt eine neue Version — starte das Spiel neu, dann wird aktualisiert.",A new version is out — restart the game to update.,Yeni sürüm var — güncellemek için oyunu yeniden başlat.
LOBBY_ERR_CODE,Diesen Code gibt es nicht. Vertippt?,That code does not exist. Typo?,Böyle bir kod yok. Yanlış mı yazdın?
LOBBY_ERR_ROOM_FULL,Das Spiel ist voll (4 Spieler).,The game is full (4 players).,Oyun dolu (4 oyuncu).
LOBBY_ERR_SERVER_FULL,Der Server ist gerade voll — probiert es in ein paar Minuten nochmal.,The server is full right now — try again in a few minutes.,Sunucu şu an dolu — birkaç dakika sonra tekrar deneyin.
LOBBY_ERR_NOT_HOST,Nur der Gastgeber kann das Spiel starten.,Only the host can start the game.,Oyunu sadece ev sahibi başlatabilir.
LOBBY_ERR_START,Das Spiel konnte nicht starten. Nochmal versuchen?,The game could not start. Try again?,Oyun başlatılamadı. Tekrar denensin mi?
LOBBY_ERR_GONE,Du warst zu lange weg und wurdest aus dem Warteraum genommen.,You were away too long and left the waiting room.,Çok uzun süre yoktun ve bekleme odasından çıkarıldın.
LOBBY_ERR_SERVER,Der Lobby-Server antwortet nicht. Ist das Internet an?,The lobby server is not answering. Are you online?,Lobi sunucusu yanıt vermiyor. İnternet açık mı?
HINT_AUSGABE_PUT,{interact} Krug auf die Ausgabe stellen,{interact} Put mug on the pass,{interact} Kupayı servis yerine koy
MSG_AUSGABE_FULL,Die Ausgabe ist voll (%s Krüge) — erst abholen lassen,The counter is full (%s mugs) — let someone pick them up first,Tezgah dolu (%s kupa) — önce birinin alması lazım
INTRO_TITLE,So läuft die Schicht,How the shift works,Vardiya nasıl işler
INTRO_SUB,"Jeder kann alles — aber teilt euch auf, sonst wird's hektisch!","Anyone can do anything — but split up, or it gets hectic!","Herkes her şeyi yapabilir — ama işi paylaşın, yoksa ortalık karışır!"
INTRO_ZAPFEN,"Zapfen: hinten am Regal leeren Krug nehmen, am Fass {interact} halten, vorne auf die Ausgabe stellen","Pouring: grab an empty mug at the back shelf, hold {interact} at a keg, put it on the pass up front","Doldurma: arka raftan boş kupa al, fıçıda {interact} basılı tut, öndeki servis yerine koy"
INTRO_SERVIEREN,"Servieren: vorne an der Ausgabe {interact}, zum Gast mit passender Blase gehen, {interact}","Serving: {interact} at the pass up front, walk to the guest with the matching bubble, {interact}","Servis: öndeki servis yerinde {interact}, uygun balonlu misafire git, {interact}"
INTRO_KUECHE,"Küche: an der Kochtheke {interact} halten, Essen zu den Gästen bringen","Kitchen: hold {interact} at the cooking counter, bring food to the guests","Mutfak: pişirme tezgahında {interact} basılı tut, yemeği misafirlere götür"
INTRO_LAGER,"Lager: Pakete vom Lieferwagen ins Lager tragen — ohne Ware kein Bier","Storage: carry parcels from the van into storage — no stock, no beer","Depo: paketleri kamyonetten depoya taşı — mal yoksa bira da yok"
INTRO_PUTZEN,Putzen: auf Pfützen und Dreck {interact} halten,Cleaning: hold {interact} on puddles and mess,Temizlik: birikinti ve pisliklerde {interact} basılı tut
INTRO_CLOSE,[Enter] Verstanden · {help} Hilfe,[Enter] Got it · {help} Help,[Enter] Anladım · {help} Yardım
INTRO_CLOSE_PAD,{interact} Verstanden · {help} Hilfe,{interact} Got it · {help} Help,{interact} Anladım · {help} Yardım
HINT_PLACE_TABLE,{interact} Abstellen · {emote} Drehen,{interact} Put down · {emote} Rotate,{interact} Bırak · {emote} Döndür
MSG_TABLE_VERSCHOBEN,Der Tisch passte dort nicht hin und steht jetzt auf dem nächsten freien Platz.,The table didn't fit there and now stands on the nearest free spot.,Masa oraya sığmadı ve en yakın boş yere kondu.
MSG_LIC_PREISRAUM,"Mehr Auswahl, mehr Spielraum: Den Bierpreis kannst du jetzt zwischen %s und %s %% einstellen (Zelt-Computer).","More choice, more leeway: you can now set the beer price between %s and %s %% (tent computer).","Daha çok çeşit, daha çok esneklik: Bira fiyatını artık %s ile %s %% arasında ayarlayabilirsin (çadır bilgisayarı)."
SIGN_ZELT_EROEFFNEN,O'zapft is!,O'zapft is!,O'zapft is!
SIGN_ZELT_EROEFFNEN_SUB,[E] Festzelt eröffnen,[E] Open the beer tent,[E] Bira çadırını aç
HINT_ZELT_EROEFFNEN,{interact} Fass anstechen und das Zelt eröffnen,{interact} Tap the keg and open the tent,{interact} Fıçıyı aç ve çadırı aç
MSG_ZELT_WARTET,"Die Kirmes hat offen, die Uhr steht noch — nehmt euch Zeit und eröffnet dann am Zelteingang das Festzelt (Fass anstechen)!","The fair is open and the clock is still standing — take your time, then open the beer tent at the entrance (tap the keg)!","Panayır açık, saat henüz durmuş — acele etmeyin, sonra çadır girişinde bira çadırını açın (fıçıyı açın)!"
MSG_ZELT_OFFEN,"O'zapft is! %s hat das Zelt eröffnet — gleich kommen die Gäste.","O'zapft is! %s opened the tent — guests are on their way.","O'zapft is! %s çadırı açtı — misafirler geliyor."
MSG_ZELT_AUTO,"Das Zelt wurde von selbst eröffnet — nächstes Mal früher anstechen!","The tent opened by itself — tap the keg earlier next time!","Çadır kendiliğinden açıldı — bir dahaki sefere fıçıyı daha erken açın!"
HINT_HAND_KRUG,[G] Trinken · {interact} Abstellen,[G] Drink · {interact} Put down,[G] İç · {interact} Bırak
HINT_HAND_ABLEGEN,{interact} Abstellen,{interact} Put down,{interact} Bırak
HINT_AUFHEBEN,{interact} Aufheben,{interact} Pick up,{interact} Al
MSG_RAUSCH,Hoppla — du hast einen sitzen!,Whoops — you're tipsy!,Hoppala — kafan iyi oldu!
MSG_RAUSCH_STARK,Jetzt ist aber gut — du schwankst gewaltig!,That's enough — you're swaying hard!,Bu kadar yeter — fena sallanıyorsun!
ACTION_SPRINGEN,Springen,Jump,Zıpla
ACTION_TRINKEN,Trinken,Drink,İç
GAST_TYP_STAMM,Stammgast,Regular,Müdavim
GAST_TYP_TOURIST,Tourist,Tourist,Turist
GAST_TYP_TRACHT,In Tracht,In traditional dress,Geleneksel kıyafetli
GAST_TYP_VIP,VIP,VIP,VIP
BUBBLE_ANGRY,sauer,annoyed,kızgın
HUD_DETAILS_HINT,[Strg] Gäste-Details,[Ctrl] Guest details,[Ctrl] Misafir detayları
HUD_ORDERS,Offene Bestellungen,Open orders,Açık siparişler
MSG_AUSGABE_SORTE_VOLL,Der Platz für diese Sorte ist voll (%s) — erst abholen lassen,The spot for this kind is full (%s) — let someone pick up first,Bu çeşidin yeri dolu (%s) — önce birinin alması lazım
OFFER_LAGERREGAL,Lagerregal,Storage shelf,Depo rafı
OFFER_LAGERREGAL_INFO,"Mehr Platz für Ware: jedes Regal fasst %s Bier und %s Zutaten. Jetzt %s von höchstens %s Regalen.","More room for supplies: each shelf holds %s beer and %s ingredients. Now %s of at most %s shelves.","Mallar için daha çok yer: her raf %s bira ve %s malzeme alır. Şu an en fazla %s rafın %s tanesi var."
MSG_LAGERREGAL_GEKAUFT,"Neues Lagerregal aufgestellt — jetzt passen %s Einheiten je Ware ins Lager.","New storage shelf set up — storage now holds %s units per kind.","Yeni depo rafı kuruldu — depo artık her mal için %s birim alıyor."
MSG_LAGER_VOLL,"Das Lager ist voll (%s je Ware) — Paket liegt wieder am Boden. Mehr Regale gibt es im Festbüro.","Storage is full (%s per kind) — the parcel is back on the floor. More shelves in the fair office.","Depo dolu (her mal için %s) — paket yeniden yerde. Daha fazla raf fuar ofisinde."
WHY_MAX_REGALE,Mehr als %s Lagerregale passen nicht ins Zelt.,No more than %s storage shelves fit in the tent.,Çadıra en fazla %s depo rafı sığar.
HINT_MOVE_LAGER,{interact} Regal verschieben,{interact} Move shelf,{interact} Rafı taşı
HINT_PLACE_LAGER,{interact} Abstellen · {emote} Drehen,{interact} Put down · {emote} Rotate,{interact} Bırak · {emote} Döndür
SET_UI_SIZE,Größe der Oberfläche,Interface size,Arayüz boyutu
COMP_FOOD_PRICE_VALUE,"Essen: %s je Portion (%s %%)","Food: %s per portion (%s %%)","Yemek: porsiyon başı %s (%s %%)"
MSG_LIC_ESSENRAUM,"Essenspreis jetzt zwischen %s und %s %% einstellbar (Zelt-Computer).","Food price can now be set between %s and %s %% (tent computer).","Yemek fiyatı artık %s ile %s %% arasında ayarlanabilir (çadır bilgisayarı)."
HINT_RINGWURF,{interact} Ringwerfen (2 €),{interact} Ring toss (€2),{interact} Halka atma (2 €)
RINGWURF_ANZEIGE,"Treffer: %d · Ringe: %d · Maus zielt, Maustaste halten und loslassen wirft, Esc beendet","Hits: %d · Rings: %d · Mouse aims, hold and release the button to throw, Esc quits","İsabet: %d · Halka: %d · Fare nişan alır, tuşu basılı tutup bırakınca atar, Esc çıkış"
HINT_ENTEN,{interact} Entenangeln (2 €),{interact} Duck fishing (€2),{interact} Ördek avı (2 €)
ENTEN_ANZEIGE,"Enten: %d von %d · Punkte: %d · Zeit: %d s · Maus führt die Angel, Maustaste halten senkt den Haken, Esc beendet","Ducks: %d of %d · Points: %d · Time: %d s · Mouse moves the rod, hold the button to lower the hook, Esc quits","Ördek: %d / %d · Puan: %d · Süre: %d sn · Fare oltayı gezdirir, tuşu basılı tutunca kanca iner, Esc çıkış"
ENTEN_ZEIT,"Zeit — gelb 1, blau 2, rosa 3 Punkte","Time — yellow 1, blue 2, pink 3 points","Süre — sarı 1, mavi 2, pembe 3 puan"
HINT_GLUECKSRAD,{interact} Glücksrad (Einsatz 1–1.000 €),{interact} Wheel of fortune (bet €1–1000),{interact} Şans çarkı (bahis 1–1.000 €)
GLUECKSRAD_ANZEIGE,"Bestes Feld: %d · Drehungen: %d · Linksklick bremst — das Rad läuft noch gut eine Runde nach, Esc beendet","Best field: %d · Spins: %d · Left click brakes — the wheel still turns a good round, Esc quits","En iyi alan: %d · Çevirme: %d · Sol tık fren yapar — çark bir tur daha döner, Esc çıkış"
GLUECKSRAD_SETZEN,"Einsatz wählen (1–4) · ×2 oder ×5 gewinnt, 0 verliert · Esc beendet","Pick your bet (1–4) · ×2 or ×5 wins, 0 loses · Esc quits","Bahsini seç (1–4) · ×2 veya ×5 kazanır, 0 kaybeder · Esc çıkış"
GLUECKSRAD_GEWINN,×%s  +%s,×%s  +%s,×%s  +%s
GLUECKSRAD_ZURUECK,Einsatz zurück,Bet returned,Bahis geri
GLUECKSRAD_VERLOREN,Niete  −%s,No luck  −%s,Boş  −%s
GLUECKSRAD_FELD,%d!,%d!,%d!
HINT_STEMMEN,{interact} Maßkrugstemmen (2 €),{interact} Stein holding (€2),{interact} Bira kupası tutma (2 €)
STEMMEN_ANZEIGE,"Gehalten: %.1f s · Punkte: %d · Maus hoch/runter hält den Krug waagrecht, Esc beendet","Held: %.1f s · Points: %d · Mouse up/down keeps the stein level, Esc quits","Tutulan: %.1f sn · Puan: %d · Fareyi yukarı/aşağı oynatıp kupayı düz tut, Esc çıkış"
STEMMEN_LAGE,"Arm gerade halten — Mitte ist waagrecht","Keep the arm straight — centre is level","Kolu düz tut — orta düz demek"
WORLD_STEMMEN,Maßkrugstemmen,Stein Holding,Kupa Tutma
HINT_NAGEL,{interact} Nagelbalken (2 €),{interact} Nail driving (€2),{interact} Çivi çakma (2 €)
NAGEL_ANZEIGE,"Nagel drin: %d %% · Schläge: %d · Linksklick schlägt — Kraft oben und Hammer genau über dem Nagel, Esc beendet","Nail in: %d %% · Swings: %d · Left click strikes — power at the top and hammer right above the nail, Esc quits","Çivi: %%%d · Vuruş: %d · Sol tık vurur — güç en üstte ve çekiç tam çivinin üstünde, Esc çıkış"
NAGEL_KRAFT,"Kraft — schief und fest verbiegt den Nagel!","Power — hard and crooked bends the nail!","Güç — sert ve eğri vurursan çivi eğilir!"
WORLD_NAGEL,Nagelbalken,Nail Driving,Çivi Çakma
HINT_KEGELN,{interact} Bierfass-Kegeln (2 €),{interact} Barrel skittles (€2),{interact} Varil bowling (2 €)
KEGELN_ANZEIGE,"Umgefallen: %d von %d · Würfe: %d · Maus zielt, Maustaste halten und loslassen rollt, Esc beendet","Knocked down: %d of %d · Rolls: %d · Mouse aims, hold and release the button to roll, Esc quits","Devrilen: %d / %d · Atış: %d · Fare nişan alır, tuşu basılı tutup bırakınca yuvarlar, Esc çıkış"
WORLD_KEGELN,Bierfass-Kegeln,Barrel Skittles,Varil Bowling
HINT_PFEIL,{interact} Ballonstechen (2 €),{interact} Balloon darts (€2),{interact} Balon patlatma (2 €)
PFEIL_ANZEIGE,"Geplatzt: %d · Pfeile übrig: %d · Punkte: %d · Maus zielt, Linksklick wirft, Esc beendet","Popped: %d · Darts left: %d · Points: %d · Mouse aims, left click throws, Esc quits","Patlayan: %d · Kalan ok: %d · Puan: %d · Fare nişan alır, sol tık atar, Esc çıkış"
WORLD_PFEIL,Ballonstechen,Balloon Darts,Balon Patlatma
HINT_MAULWURF,{interact} Hau den Maulwurf (2 €),{interact} Whack-a-mole (€2),{interact} Köstebek vurma (2 €)
MAULWURF_ANZEIGE,"Treffer: %d · Zeit: %.0f s · Punkte: %d · Maulwurf anklicken haut zu, Esc beendet","Hits: %d · Time: %.0f s · Points: %d · Click a mole to whack it, Esc quits","İsabet: %d · Süre: %.0f sn · Puan: %d · Köstebeğe tıkla ve vur, Esc çıkış"
MAULWURF_ZEIT,Restzeit,Time left,Kalan süre
WORLD_MAULWURF,Hau den Maulwurf,Whack-a-Mole,Köstebek Vur
HINT_KRUG,{interact} Krugschieben (2 €),{interact} Stein sliding (€2),{interact} Kupa kaydırma (2 €)
KRUG_ANZEIGE,"Versuch %d von %d · Summe: %d · Punkte: %d · Linksklick schiebt, Esc beendet %s","Try %d of %d · Total: %d · Points: %d · Left click slides, Esc quits %s","Deneme %d / %d · Toplam: %d · Puan: %d · Sol tık kaydırır, Esc çıkış %s"
KRUG_KRAFT,"Kraft — zu fest, und der Krug fällt hinten herunter!","Power — too hard and the stein falls off the end!","Güç — fazla sert itersen kupa arkadan düşer!"
KRUG_FELD,%d Punkte!,%d points!,%d puan!
KRUG_DANEBEN,daneben,missed,olmadı
WORLD_KRUG,Krugschieben,Stein Sliding,Kupa Kaydırma
BRIEF_TITEL,Letzter Wille von Onkel Sepp,Uncle Sepp's Last Will,Sepp Amca'nın Vasiyeti
BRIEF_WEITER,Linksklick weiter · Esc schließt,Left click for next · Esc closes,Devam için sol tık · Esc kapatır
BRIEF_ENDE,Linksklick: auf zum Kirmestor!,Left click: off to the fair gate!,Sol tık: fuar kapısına!
BRIEF_1_DU,"Mein liebes Patenkind,

wenn du diesen Brief liest, hat mich die letzte Maß erwischt. Vierzig Jahre hab ich auf dem Sloptoberfest ausgeschenkt — und jetzt vermache ich dir mein Festzelt.","My dear godchild,

if you are reading this, the last beer got me. Forty years I poured at the Sloptoberfest — and now I leave my beer tent to you.","Sevgili vaftiz çocuğum,

bu mektubu okuyorsan son bira beni yakaladı demektir. Kırk yıl Sloptoberfest'te bira doldurdum — şimdi festival çadırımı sana bırakıyorum."
BRIEF_1_IHR,"Mein liebes Patenkind — und ihr Spinner, die es sicher mitbringt,

wenn ihr diesen Brief lest, hat mich die letzte Maß erwischt. Vierzig Jahre hab ich auf dem Sloptoberfest ausgeschenkt — und jetzt vermache ich euch mein Festzelt.","My dear godchild — and whatever lunatics you are bringing along,

if you are reading this, the last beer got me. Forty years I poured at the Sloptoberfest — and now I leave my beer tent to you all.","Sevgili vaftiz çocuğum — ve yanında getirdiğin o deliler,

bu mektubu okuyorsanız son bira beni yakaladı demektir. Kırk yıl Sloptoberfest'te bira doldurdum — şimdi festival çadırımı size bırakıyorum."
BRIEF_2_DU,"Ich will ehrlich sein: Das Zelt ist verstaubt, und ein paar Schulden hängen auch dran. Der Konrad vom Nachbarzelt wartet nur darauf, dass du aufgibst. Tu ihm den Gefallen nicht.","I will be honest: the tent is dusty, and there are a few debts attached. Konrad from the tent next door is just waiting for you to give up. Do not do him that favour.","Dürüst olayım: çadır tozlu, üstüne biraz da borç var. Yan çadırdaki Konrad pes etmeni bekliyor. Ona bu iyiliği yapma."
BRIEF_2_IHR,"Ich will ehrlich sein: Das Zelt ist verstaubt, und ein paar Schulden hängen auch dran. Der Konrad vom Nachbarzelt wartet nur darauf, dass ihr aufgebt. Tut ihm den Gefallen nicht.","I will be honest: the tent is dusty, and there are a few debts attached. Konrad from the tent next door is just waiting for you to give up. Do not do him that favour.","Dürüst olayım: çadır tozlu, üstüne biraz da borç var. Yan çadırdaki Konrad pes etmenizi bekliyor. Ona bu iyiliği yapmayın."
BRIEF_3_DU,"Der Horst, mein alter Freund, zeigt dir alles. Kalte Maß, heißes Hendl, sauberes Klo — mehr braucht's nicht.

Prost und pfiat di,
dein Onkel Sepp","Horst, my old friend, will show you everything. Cold beer, hot chicken, clean toilets — that is all it takes.

Cheers and farewell,
your Uncle Sepp","Eski dostum Horst sana her şeyi gösterecek. Soğuk bira, sıcak tavuk, temiz tuvalet — başka bir şey gerekmez.

Şerefe ve hoşça kal,
Sepp Amcan"
BRIEF_3_IHR,"Der Horst, mein alter Freund, zeigt euch alles. Kalte Maß, heißes Hendl, sauberes Klo — mehr braucht's nicht.

Prost und pfiat eich,
euer Onkel Sepp","Horst, my old friend, will show you everything. Cold beer, hot chicken, clean toilets — that is all it takes.

Cheers and farewell,
your Uncle Sepp","Fuar müdürü Horst sizi fuarın en doğusundaki ofisinde bekliyor. Onu bulun, size her şeyi gösterecek. Soğuk bira, sıcak tavuk, temiz tuvalet — başka bir şey gerekmez.

Şerefe ve hoşça kalın,
Sepp Amcanız"
CHEF_4_DU,"Da wär's — Sepps Festzelt. Vierzig Jahre hat er hier ausgeschenkt, die Leute haben ihn geliebt.","Here it is — Sepp's beer tent. Forty years he poured here, people loved him.","İşte — Sepp'in bira çadırı. Kırk yıl burada bira doldurdu, insanlar onu severdi."
CHEF_4_IHR,"Da wär's — Sepps Festzelt. Vierzig Jahre hat er hier ausgeschenkt, die Leute haben ihn geliebt.","Here it is — Sepp's beer tent. Forty years he poured here, people loved him.","İşte — Sepp'in bira çadırı. Kırk yıl burada bira doldurdu, insanlar onu severdi."
CHEF_5_DU,"Nur mit dem Rechnen hatte er's nicht so. Die Bank wartet nicht ewig auf ihr Geld.","He was just not great with numbers. The bank will not wait forever for its money.","Sadece hesapla arası pek iyi değildi. Banka parasını sonsuza kadar beklemez."
CHEF_5_IHR,"Nur mit dem Rechnen hatte er's nicht so. Die Bank wartet nicht ewig auf ihr Geld.","He was just not great with numbers. The bank will not wait forever for its money.","Sadece hesapla arası pek iyi değildi. Banka parasını sonsuza kadar beklemez."
CHEF_6_DU,"Und der Konrad vom Nachbarzelt reibt sich schon die Hände …","And Konrad from the tent next door is already rubbing his hands …","Yan çadırdaki Konrad de şimdiden ellerini ovuşturuyor …"
CHEF_6_IHR,"Und der Konrad vom Nachbarzelt reibt sich schon die Hände …","And Konrad from the tent next door is already rubbing his hands …","Yan çadırdaki Konrad de şimdiden ellerini ovuşturuyor …"
CHEF_8_DU,"Du schaffst das. Der Sepp wäre stolz auf dich.","You can do it. Sepp would be proud of you.","Bunu başarırsın. Sepp seninle gurur duyardı."
CHEF_8_IHR,"Ihr schafft das. Der Sepp wäre stolz auf euch.","You can do it. Sepp would be proud of you.","Bunu başarırsınız. Sepp sizinle gurur duyardı."
HINT_FESTLEITER,{interact} Mit Festleiter Horst reden,{interact} Talk to fair manager Horst,{interact} Fuar müdürü Horst'la konuş
DIALOG_WEITER,Linksklick / E weiter,Left click / E for next,Devam için sol tık / E
DIALOG_ENDE,Linksklick / E beenden,Left click / E to finish,Bitirmek için sol tık / E
FESTLEITER_NAME,Festleiter Horst,Fair manager Horst,Fuar müdürü Horst
CHEF_7_DU,"Unterschreib vorne am roten Schild, dann gehört das Zelt dir. Danach komm zu mir — ich zeig dir, wie's weitergeht.","Sign at the red board up front and the tent is yours. Then come to me — I will show you what comes next.","Öndeki kırmızı tabelada imzala, çadır senin olsun. Sonra yanıma gel — devamını göstereyim."
CHEF_7_IHR,"Unterschreibt vorne am roten Schild, dann gehört das Zelt euch. Danach kommt zu mir — ich zeig euch, wie's weitergeht.","Sign at the red board up front and the tent is yours. Then come to me — I will show you what comes next.","Öndeki kırmızı tabelada imzalayın, çadır sizin olsun. Sonra yanıma gelin — devamını göstereyim."
CHEF_BUERO_1_DU,"Das ist dein Festbüro. Und das hier ist dein Computer. Darauf läuft alles, was dein Zelt braucht.",This is your fair office. And this is your computer. Everything your tent needs runs on it.,Burası senin fuar ofisin. Ve bu senin bilgisayarın. Çadırının ihtiyacı olan her şey bunun üzerinde çalışır.
CHEF_BUERO_1_IHR,"Das ist euer Festbüro. Und das hier ist euer Computer. Darauf läuft alles, was euer Zelt braucht.",This is your fair office. And this is your computer. Everything your tent needs runs on it.,Burası senin fuar ofisin. Ve bu senin bilgisayarın. Çadırının ihtiyacı olan her şey bunun üzerinde çalışır.
CHEF_BUERO_2_DU,Tritt ran und drück E. Dann fährt die Kamera auf den Bildschirm.,Step up and press E. The camera will move to the screen.,Yaklaş ve E'ye bas. Kamera ekrana yaklaşacak.
CHEF_BUERO_2_IHR,Tretet ran und drückt E. Dann fährt die Kamera auf den Bildschirm.,Step up and press E. The camera will move to the screen.,Yaklaş ve E'ye bas. Kamera ekrana yaklaşacak.
CHEF_BUERO_3_DU,Ich hab dir schon geschrieben. Schau in dein Postfach!,I have already written to you. Check your inbox!,Sana zaten yazdım. Gelen kutuna bak!
CHEF_BUERO_3_IHR,Ich hab euch schon geschrieben. Schaut in euer Postfach!,I have already written to you. Check your inbox!,Sana zaten yazdım. Gelen kutuna bak!
CHEF_LAGER_1_DU,"Hier ist dein Lager. Gleich hält der Lieferwagen vorm Zelt und lädt die Pakete ab.","This is your storage. The van will stop outside the tent shortly and unload the parcels.","Burası deponun. Kamyonet birazdan çadırın önünde durup paketleri indirecek."
CHEF_LAGER_1_IHR,"Hier ist euer Lager. Gleich hält der Lieferwagen vorm Zelt und lädt die Pakete ab.","This is your storage. The van will stop outside the tent shortly and unload the parcels.","Burası deponuz. Kamyonet birazdan çadırın önünde durup paketleri indirecek."
CHEF_LAGER_2_DU,"Nimm jedes Paket mit E und stell es hier ins Regal. Erst dann kannst du zapfen.","Pick up each parcel with E and put it on the shelf here. Only then can you pour.","Her paketi E ile al ve buradaki rafa koy. Ancak o zaman bira doldurabilirsin."
CHEF_LAGER_2_IHR,"Nehmt jedes Paket mit E und stellt es hier ins Regal. Erst dann könnt ihr zapfen.","Pick up each parcel with E and put it on the shelf here. Only then can you pour.","Her paketi E ile alın ve buradaki rafa koyun. Ancak o zaman bira doldurabilirsiniz."
CHEF_SCHLAF_1_DU,"Sauber! Für heute ist alles bereit. Dein Wohnwagen steht in der Gasse im Süden.","Well done! Everything is ready for today. Your caravan is in the lane to the south.","Aferin! Bugün için her şey hazır. Karavanın güneydeki sokakta."
CHEF_SCHLAF_1_IHR,"Sauber! Für heute ist alles bereit. Euer Wohnwagen steht in der Gasse im Süden.","Well done! Everything is ready for today. Your caravan is in the lane to the south.","Aferin! Bugün için her şey hazır. Karavanınız güneydeki sokakta."
CHEF_SCHLAF_2_DU,"Schlaf dich aus. Morgen früh um sieben zeig ich dir an der Theke das Zapfen.","Get some sleep. Tomorrow at seven I will show you how to pour at the bar.","Biraz uyu. Yarın sabah yedide sana tezgahta bira doldurmayı göstereceğim."
CHEF_SCHLAF_2_IHR,"Schlaft euch aus. Morgen früh um sieben zeig ich euch an der Theke das Zapfen.","Get some sleep. Tomorrow at seven I will show you how to pour at the bar.","Biraz uyuyun. Yarın sabah yedide size tezgahta bira doldurmayı göstereceğim."
CHEF_ZAPF_1_DU,"Guten Morgen! Gleich kommen die ersten Gäste. Pass auf, so geht's:","Good morning! The first guests are about to arrive. Watch, this is how it works:","Günaydın! İlk misafirler birazdan gelir. Dikkat et, şöyle yapılır:"
CHEF_ZAPF_1_IHR,"Guten Morgen! Gleich kommen die ersten Gäste. Passt auf, so geht's:","Good morning! The first guests are about to arrive. Watch, this is how it works:","Günaydın! İlk misafirler birazdan gelir. Dikkat edin, şöyle yapılır:"
CHEF_ZAPF_2_DU,"Hinten am Regal nimmst du einen leeren Krug. Am Fass E gedrückt halten, bis er voll ist.","Grab an empty mug from the shelf at the back. Hold E at a keg until it is full.","Arkadaki raftan boş bir kupa al. Dolana kadar fıçıda E'ye basılı tut."
CHEF_ZAPF_2_IHR,"Hinten am Regal nehmt ihr einen leeren Krug. Am Fass E gedrückt halten, bis er voll ist.","Grab an empty mug from the shelf at the back. Hold E at a keg until it is full.","Arkadaki raftan boş bir kupa alın. Dolana kadar fıçıda E'ye basılı tutun."
CHEF_ZAPF_3_DU,"Den vollen Krug stellst du hier vorne auf die Ausgabe. Wer bedient, holt ihn da ab.","Put the full mug on the pass here up front. Whoever serves picks it up there.","Dolu kupayı öndeki servis yerine koy. Servis yapan onu oradan alır."
CHEF_ZAPF_3_IHR,"Den vollen Krug stellt ihr hier vorne auf die Ausgabe. Wer bedient, holt ihn da ab.","Put the full mug on the pass here up front. Whoever serves picks it up there.","Dolu kupayı öndeki servis yerine koyun. Servis yapan onu oradan alır."
CHEF_ZAPF_4_DU,"Dann zum Gast mit der passenden Blase überm Kopf und E drücken. Zufriedene Gäste zahlen gut!","Then go to the guest with the matching bubble above their head and press E. Happy guests pay well!","Sonra başının üstünde uygun balon olan misafire git ve E'ye bas. Memnun misafir iyi öder!"
CHEF_ZAPF_4_IHR,"Dann zum Gast mit der passenden Blase überm Kopf und E drücken. Zufriedene Gäste zahlen gut!","Then go to the guest with the matching bubble above their head and press E. Happy guests pay well!","Sonra başının üstünde uygun balon olan misafire gidin ve E'ye basın. Memnun misafir iyi öder!"
CHEF_BUERO2_1_DU,"Der erste Tag ist geschafft! Allein wirst du's aber nicht lange durchhalten.","The first day is done! But you will not last long on your own.","İlk gün bitti! Ama tek başına uzun dayanamazsın."
CHEF_BUERO2_1_IHR,"Der erste Tag ist geschafft! Ganz ohne Hilfe haltet ihr's aber nicht lange durch.","The first day is done! But you will not last long without help.","İlk gün bitti! Ama yardımsız uzun dayanamazsınız."
CHEF_BUERO2_2_DU,"Reiter Personal: Stell einen Kellner ein. Koch, Zapfer und Putzkraft gibt's auch.","Staff tab: hire a waiter. There are cooks, tapsters and cleaners too.","Personel sekmesi: bir garson işe al. Aşçı, fıçıcı ve temizlikçi de var."
CHEF_BUERO2_2_IHR,"Reiter Personal: Stellt einen Kellner ein. Koch, Zapfer und Putzkraft gibt's auch.","Staff tab: hire a waiter. There are cooks, tapsters and cleaners too.","Personel sekmesi: bir garson işe alın. Aşçı, fıçıcı ve temizlikçi de var."
CHEF_BUERO2_3_DU,"Reiter Lizenzen: Weizen, Radler, Brezn, Hendl — mehr Auswahl bringt mehr Umsatz.","Licences tab: wheat beer, radler, pretzels, chicken — more choice, more sales.","Lisanslar sekmesi: buğday birası, radler, pretzel, tavuk — daha çok çeşit, daha çok satış."
CHEF_BUERO2_3_IHR,"Reiter Lizenzen: Weizen, Radler, Brezn, Hendl — mehr Auswahl bringt mehr Umsatz.","Licences tab: wheat beer, radler, pretzels, chicken — more choice, more sales.","Lisanslar sekmesi: buğday birası, radler, pretzel, tavuk — daha çok çeşit, daha çok satış."
CHEF_BUERO2_4_DU,"Im Reiter Zelt gibt's auch ein Klo — sonst pinkeln dir die Gäste in die Ecke.","The tent tab also has a toilet — otherwise guests will pee in the corner.","Çadır sekmesinde tuvalet de var — yoksa misafirler köşeye işer."
CHEF_BUERO2_4_IHR,"Im Reiter Zelt gibt's auch ein Klo — sonst pinkeln euch die Gäste in die Ecke.","The tent tab also has a toilet — otherwise guests will pee in the corner.","Çadır sekmesinde tuvalet de var — yoksa misafirler köşeye işer."
CHEF_BUERO2_5_DU,"Und unter Künstler buchst du Musik. Eine Blaskapelle zieht die Leute an wie Honig.","And under Acts you book music. A brass band draws people in like honey.","Sanatçılar bölümünden müzik ayarlarsın. Bando insanları bal gibi çeker."
CHEF_BUERO2_5_IHR,"Und unter Künstler bucht ihr Musik. Eine Blaskapelle zieht die Leute an wie Honig.","And under Acts you book music. A brass band draws people in like honey.","Sanatçılar bölümünden müzik ayarlarsınız. Bando insanları bal gibi çeker."
CHEF_ENDE_1_DU,"Mehr kann ich dir nicht beibringen. Ab jetzt ist das dein Zelt.","I cannot teach you any more. From now on it is your tent.","Sana öğretebileceğim başka bir şey yok. Artık bu senin çadırın."
CHEF_ENDE_1_IHR,"Mehr kann ich euch nicht beibringen. Ab jetzt ist das euer Zelt.","I cannot teach you any more. From now on it is your tent.","Size öğretebileceğim başka bir şey yok. Artık bu sizin çadırınız."
CHEF_ENDE_2_DU,"Wenn du was brauchst: Du findest mich hier im Büro. Pfiat di!","If you need anything: you will find me here at the office. Bye!","Bir şeye ihtiyacın olursa: beni burada ofiste bulursun. Hoşça kal!"
CHEF_ENDE_2_IHR,"Wenn ihr was braucht: Ihr findet mich hier im Büro. Pfiat eich!","If you need anything: you will find me here at the office. Bye!","Bir şeye ihtiyacınız olursa: beni burada ofiste bulursunuz. Hoşça kalın!"
ZIEL_BEDIENEN,Bediene %d Gäste,Serve %d guests,%d misafire servis yap
ZIEL_UMSATZ,Mach %s Umsatz,Make %s in sales,%s ciro yap
ZIEL_SAUBER,Keine einzige Pfütze im Zelt,Not a single puddle in the tent,Çadırda tek bir birikinti bile olmasın
ZIEL_VERPASST,Höchstens %d Bestellungen verpassen,Miss at most %d orders,En fazla %d siparişi kaçır
ZIEL_BESCHWERDEN,Keine einzige Beschwerde,Not a single complaint,Tek bir şikayet bile olmasın
MSG_ZIEL_NEU,Tagesziel: %s,Daily goal: %s,Günlük hedef: %s
MSG_ZIEL_GESCHAFFT,Tagesziel geschafft! Festleiter Horst legt %s drauf,Daily goal reached! Fair manager Horst adds %s,Günlük hedef tamam! Fuar müdürü Horst %s ekliyor
MSG_ZIEL_VERFEHLT,Tagesziel verfehlt — morgen neues Glück,Daily goal missed — better luck tomorrow,Günlük hedef kaçtı — yarın yeni şans
MSG_BANK_MORGEN,Morgen Abend bucht die Bank %s für Sepps Schulden ab,Tomorrow evening the bank collects %s for Sepp's debts,Yarın akşam banka Sepp'in borçları için %s çekecek
MSG_BANK_BEZAHLT,Rate von %s bezahlt — noch %s Schulden,Instalment of %s paid — %s debt left,%s taksit ödendi — %s borç kaldı
POPUP_BANK_HEUTE,"Post von der Bank\n\nHeute Abend wird die nächste Rate für Onkel Sepps Schulden fällig: %s.\n\nInsgesamt stehen noch %s offen. Reicht das Geld nicht, springt die Brauerei ein — teuer.","Mail from the bank\n\nThis evening the next instalment of Uncle Sepp's debt is due: %s.\n\n%s is still owed in total. If the money is not there, the brewery steps in — at a price.","Bankadan mektup\n\nBu akşam Sepp Amca'nın borcunun bir sonraki taksiti ödenecek: %s.\n\nToplamda hâlâ %s borç var. Para yetmezse bira fabrikası devreye girer — pahalıya."
POPUP_BANK_FREI,"Schuldenfrei!\n\nDie letzte Rate von %s ist bezahlt. Onkel Sepps Zelt gehört jetzt ganz dir — ohne einen Cent Schulden.\n\nDer Sepp hätte eine Runde ausgegeben. Prost!","Debt free!\n\nThe last instalment of %s is paid. Uncle Sepp's tent is now fully yours — without a cent of debt.\n\nSepp would have bought a round. Cheers!","Borç bitti!\n\nSon taksit olan %s ödendi. Sepp Amca'nın çadırı artık tamamen senin — tek kuruş borç yok.\n\nSepp olsa herkese bir tur ısmarlardı. Şerefe!"
HUD_TAGESZIEL,Tagesziel · Tag %d,Daily goal · Day %d,Günlük hedef · Gün %d
HUD_ZIEL_MORGEN,Neues Ziel morgen früh,New goal tomorrow morning,Yeni hedef yarın sabah
HUD_ZIEL_LOHN,Belohnung: %s,Reward: %s,Ödül: %s
HUD_BANK,Sepps Schulden: %s fällig an Tag %d (gesamt %s),Sepp's debt: %s due on day %d (total %s),Sepp'in borcu: %s — Gün %d (toplam %s)
CHEF_ZIEL_DU,"Mein Ziel für dich heute: %s. Schaffst du's, leg ich %s drauf.","My goal for you today: %s. Manage it and I will add %s.","Bugün senin için hedefim: %s. Başarırsan %s eklerim."
CHEF_ZIEL_IHR,"Mein Ziel für euch heute: %s. Schafft ihr's, leg ich %s drauf.","My goal for you today: %s. Manage it and I will add %s.","Bugün sizin için hedefim: %s. Başarırsanız %s eklerim."
CHEF_ZIEL_KEINS_DU,"Sobald morgen früh das Zelt aufgeht, hab ich ein neues Ziel für dich.","As soon as the tent opens tomorrow morning, I will have a new goal for you.","Yarın sabah çadır açılır açılmaz senin için yeni bir hedefim olacak."
CHEF_ZIEL_KEINS_IHR,"Sobald morgen früh das Zelt aufgeht, hab ich ein neues Ziel für euch.","As soon as the tent opens tomorrow morning, I will have a new goal for you.","Yarın sabah çadır açılır açılmaz sizin için yeni bir hedefim olacak."
CHEF_BANK_DU,"Und denk an Sepps Schulden: %s bucht die Bank am Abend von Tag %d ab. Insgesamt noch %s.","And remember Sepp's debts: the bank collects %s on the evening of day %d. %s left in total.","Sepp'in borçlarını da unutma: banka %s tutarını %d. günün akşamı çekecek. Toplam %s kaldı."
CHEF_BANK_IHR,"Und denkt an Sepps Schulden: %s bucht die Bank am Abend von Tag %d ab. Insgesamt noch %s.","And remember Sepp's debts: the bank collects %s on the evening of day %d. %s left in total.","Sepp'in borçlarını da unutmayın: banka %s tutarını %d. günün akşamı çekecek. Toplam %s kaldı."
CHEF_BANK_FREI_DU,"Schuldenfrei — der Sepp wäre stolz auf dich!","Debt free — Sepp would be proud of you!","Borçsuzsun — Sepp seninle gurur duyardı!"
CHEF_BANK_FREI_IHR,"Schuldenfrei — der Sepp wäre stolz auf euch!","Debt free — Sepp would be proud of you!","Borçsuzsunuz — Sepp sizinle gurur duyardı!"
MSG_PLEITE_HUBER,Der Konrad vom Nachbarzelt hat's schon gehört — und grinst,Konrad from the tent next door has already heard — and he is grinning,Yan çadırdaki Konrad çoktan duymuş — ve sırıtıyor
CHEF_KREDIT_DU,"Und die Brauerei will noch %s von dir. Der Konrad erzählt schon überall, dass Sepps Zelt bald ihm gehört — zeig's ihm!","And the brewery still wants %s from you. Konrad is telling everyone that Sepp's tent will soon be his — prove him wrong!","Bira fabrikası senden hâlâ %s istiyor. Konrad herkese Sepp'in çadırının yakında onun olacağını anlatıyor — ona gününü göster!"
CHEF_KREDIT_IHR,"Und die Brauerei will noch %s von euch. Der Konrad erzählt schon überall, dass Sepps Zelt bald ihm gehört — zeigt's ihm!","And the brewery still wants %s from you. Konrad is telling everyone that Sepp's tent will soon be his — prove him wrong!","Bira fabrikası sizden hâlâ %s istiyor. Konrad herkese Sepp'in çadırının yakında onun olacağını anlatıyor — ona gününü gösterin!"
QUEST_1_TITLE,Übernimm Sepps Zelt,Take over Sepp's tent,Sepp'in çadırını devral
QUEST_1_TEXT,"Folge Festleiter Horst zum Festzelt. Am Eingang steht das rote Schild — dort mit {interact} unterschreiben und dem Zelt einen Namen geben (500 € Gebühr, die ersten 5 Tage ohne Miete).","Follow fair manager Horst to the beer tent. The red board is at the entrance — sign there with {interact} and name the tent (500 € fee, the first 5 days rent-free).","Fuar müdürü Horst'u bira çadırına kadar takip et. Girişte kırmızı tabela var — orada {interact} ile imzala ve çadıra bir isim ver (500 € ücret, ilk 5 gün kira yok)."
QUEST_2_TITLE,Putze das Zelt,Clean the tent,Çadırı temizle
QUEST_0_TITLE,Sprich mit Festleiter Horst,Talk to fair manager Horst,Fuar müdürü Horst'la konuş
QUEST_0_TEXT,"Festleiter Horst wartet vor seinem Festbüro im Osten der Kirmes. Hör dir an, was er zu Sepps Zelt sagt.","Fair manager Horst is waiting outside his fair office in the east of the fair. Hear what he has to say about Sepp's tent.","Fuar müdürü Horst fuarın doğusundaki ofisinin önünde bekliyor. Sepp'in çadırı hakkında ne dediğini dinle."
CHEF_1_DU,"Na so was — du musst Sepps Patenkind sein! Er hat mir so viel von dir erzählt. Mein Beileid.","Well I never — you must be Sepp's godchild! He told me so much about you. My condolences.","Vay — sen Sepp'in vaftiz çocuğu olmalısın! Bana senden çok bahsetti. Başın sağ olsun."
CHEF_1_IHR,"Na so was — ihr müsst Sepps Erben sein! Er hat mir so viel von euch erzählt. Mein Beileid.","Well I never — you must be Sepp's heirs! He told me so much about you. My condolences.","Vay — siz Sepp'in varisleri olmalısınız! Bana sizden çok bahsetti. Başınız sağ olsun."
CHEF_2_DU,"Ich muss ehrlich sein: Sepps Zelt stand ein ganzes Jahr leer und ist völlig verdreckt. Und die Bank will noch einiges von seinen Schulden.","I have to be honest: Sepp's tent stood empty for a whole year and is filthy. And the bank still wants a good deal of his debts.","Dürüst olmalıyım: Sepp'in çadırı koca bir yıl boş kaldı ve berbat halde. Banka da onun borçlarından hâlâ epey istiyor."
CHEF_2_IHR,"Ich muss ehrlich sein: Sepps Zelt stand ein ganzes Jahr leer und ist völlig verdreckt. Und die Bank will noch einiges von seinen Schulden.","I have to be honest: Sepp's tent stood empty for a whole year and is filthy. And the bank still wants a good deal of his debts.","Dürüst olmalıyım: Sepp'in çadırı koca bir yıl boş kaldı ve berbat halde. Banka da onun borçlarından hâlâ epey istiyor."
CHEF_3_DU,"Aber ohne Festzelt kommt kein Mensch aufs Sloptoberfest. Ich bräuchte jemanden, der's wieder aufmacht.","But without a beer tent nobody comes to the Sloptoberfest. I need someone to open it up again.","Ama bira çadırı olmadan kimse Sloptoberfest'e gelmez. Onu yeniden açacak birine ihtiyacım var."
CHEF_3_IHR,"Aber ohne Festzelt kommt kein Mensch aufs Sloptoberfest. Ich bräuchte jemanden, der's wieder aufmacht.","But without a beer tent nobody comes to the Sloptoberfest. I need someone to open it up again.","Ama bira çadırı olmadan kimse Sloptoberfest'e gelmez. Onu yeniden açacak birine ihtiyacım var."
CHEF_BRIEF_EIN_DU,"Sepp hat mir einen Brief für dich hinterlassen. Ich les ihn dir vor — er wollte, dass du seine Worte von mir hörst.","Sepp left me a letter for you. I will read it to you — he wanted you to hear his words from me.","Sepp bana senin için bir mektup bıraktı. Sana okuyacağım — sözlerini benden duymanı istedi."
CHEF_BRIEF_EIN_IHR,"Sepp hat mir einen Brief für euch hinterlassen. Ich les ihn euch vor — er wollte, dass ihr seine Worte von mir hört.","Sepp left me a letter for you. I will read it to you — he wanted you to hear his words from me.","Sepp bana sizin için bir mektup bıraktı. Size okuyacağım — sözlerini benden duymanızı istedi."
CHEF_BRIEF_A_DU,"»Mein liebes Patenkind, wenn du das hörst, hat mich die letzte Maß erwischt. Vierzig Jahre hab ich auf dem Sloptoberfest ausgeschenkt — und jetzt vermache ich dir mein Festzelt.«","»My dear godchild, if you are hearing this, the last beer got me. Forty years I poured at the Sloptoberfest — and now I leave my beer tent to you.«","»Sevgili vaftiz çocuğum, bunu duyuyorsan son bira beni yakaladı demektir. Kırk yıl Sloptoberfest'te bira doldurdum — şimdi çadırımı sana bırakıyorum.«"
CHEF_BRIEF_A_IHR,"»Mein liebes Patenkind — und ihr Spinner, die es sicher mitbringt: Wenn ihr das hört, hat mich die letzte Maß erwischt. Vierzig Jahre hab ich auf dem Sloptoberfest ausgeschenkt — und jetzt vermache ich euch mein Festzelt.«","»My dear godchild — and whatever lunatics you are bringing along: if you are hearing this, the last beer got me. Forty years I poured at the Sloptoberfest — and now I leave my beer tent to you all.«","»Sevgili vaftiz çocuğum — ve yanında getirdiğin o deliler: bunu duyuyorsanız son bira beni yakaladı demektir. Kırk yıl Sloptoberfest'te bira doldurdum — şimdi çadırımı size bırakıyorum.«"
CHEF_BRIEF_B_DU,"»Ich will ehrlich sein: Das Zelt ist verstaubt, und ein paar Schulden hängen auch dran. Der Konrad vom Nachbarzelt wartet nur darauf, dass du aufgibst. Tu ihm den Gefallen nicht.«","»I will be honest: the tent is dusty, and a few debts are attached. Konrad from the tent next door is just waiting for you to give up. Do not do him that favour.«","»Dürüst olayım: Çadır tozlu, üstünde birkaç borç da var. Yan çadırdaki Konrad pes etmeni bekliyor. Ona bu iyiliği yapma.«"
CHEF_BRIEF_B_IHR,"»Ich will ehrlich sein: Das Zelt ist verstaubt, und ein paar Schulden hängen auch dran. Der Konrad vom Nachbarzelt wartet nur darauf, dass ihr aufgebt. Tut ihm den Gefallen nicht.«","»I will be honest: the tent is dusty, and a few debts are attached. Konrad from the tent next door is just waiting for you to give up. Do not do him that favour.«","»Dürüst olayım: Çadır tozlu, üstünde birkaç borç da var. Yan çadırdaki Konrad pes etmenizi bekliyor. Ona bu iyiliği yapmayın.«"
CHEF_BRIEF_C_DU,"»Festleiter Horst, mein alter Freund, zeigt dir alles. Kalte Maß, heißes Hendl, sauberes Klo — mehr braucht's nicht. Prost und pfiat di, dein Onkel Sepp.«","»Fair manager Horst, my old friend, will show you everything. Cold beer, hot chicken, clean toilets — that is all it takes. Cheers and farewell, your Uncle Sepp.«","»Eski dostum fuar müdürü Horst sana her şeyi gösterecek. Soğuk bira, sıcak tavuk, temiz tuvalet — başka bir şey gerekmez. Şerefe ve hoşça kal, Sepp Amcan.«"
CHEF_BRIEF_C_IHR,"»Festleiter Horst, mein alter Freund, zeigt euch alles. Kalte Maß, heißes Hendl, sauberes Klo — mehr braucht's nicht. Prost und pfiat eich, euer Onkel Sepp.«","»Fair manager Horst, my old friend, will show you everything. Cold beer, hot chicken, clean toilets — that is all it takes. Cheers and farewell, your Uncle Sepp.«","»Eski dostum fuar müdürü Horst size her şeyi gösterecek. Soğuk bira, sıcak tavuk, temiz tuvalet — başka bir şey gerekmez. Şerefe ve hoşça kalın, Sepp Amcanız.«"
CHEF_FRAGE_DU,Also — übernimmst du Sepps Zelt?,So — will you take over Sepp's tent?,Peki — Sepp'in çadırını devralır mısın?
CHEF_FRAGE_IHR,Also — übernehmt ihr Sepps Zelt?,So — will you take over Sepp's tent?,Peki — Sepp'in çadırını devralır mısınız?
CHEF_WAHL_JA_DU,"Ja, ich mach's!","Yes, I will do it!","Evet, yaparım!"
CHEF_WAHL_JA_IHR,"Ja, wir machen's!","Yes, we will do it!","Evet, yaparız!"
CHEF_WAHL_NEIN_DU,"Nein, lieber nicht","No, better not","Hayır, olmaz"
CHEF_WAHL_NEIN_IHR,"Nein, lieber nicht","No, better not","Hayır, olmaz"
CHEF_JA_DU,"Wunderbar! Der Sepp wär stolz. Komm mit, ich bring dich zum Zelt!","Wonderful! Sepp would be proud. Come along, I will take you to the tent!","Harika! Sepp gurur duyardı. Gel, seni çadıra götüreyim!"
CHEF_JA_IHR,"Wunderbar! Der Sepp wär stolz. Kommt mit, ich bring euch zum Zelt!","Wonderful! Sepp would be proud. Come along, I will take you to the tent!","Harika! Sepp gurur duyardı. Gelin, sizi çadıra götüreyim!"
CHEF_NEIN_2_DU,"Wenn du's dir anders überlegst: Ich bin hier im Büro.","If you change your mind: I am here at the office.","Fikrini değiştirirsen: buradayım, ofiste."
CHEF_NEIN_2_IHR,"Wenn ihr's euch anders überlegt: Ich bin hier im Büro.","If you change your mind: I am here at the office.","Fikrinizi değiştirirseniz: buradayım, ofiste."
QUEST_2_TEXT,"Zieh die Planen ab, fege den Dreck zusammen (je {interact} halten) und wirf die Müllsäcke in die Mülltonne links neben der Zelttür. Danach ab ins Festbüro.","Pull off the covers, sweep up the dirt (hold {interact} for each) and throw the rubbish bags into the bin left of the tent door. Then off to the fair office.","Örtüleri çek, pislikleri süpür (her biri için {interact} basılı tut) ve çöp torbalarını çadır kapısının solundaki çöp kutusuna at. Sonra fuar ofisine git."
CHEF_PUTZ_1_DU,"Oje … so sieht's aus, wenn ein Zelt ein Jahr leer steht. Alles unter Planen, und überall Laub, Scherben und Stroh.","Oh dear … that is what a tent looks like after a year standing empty. Everything under covers, and leaves, shards and straw everywhere.","Eyvah … bir yıl boş kalan çadır işte böyle görünür. Her şey örtülerin altında, her yerde yaprak, cam kırığı ve saman."
CHEF_PUTZ_1_IHR,"Oje … so sieht's aus, wenn ein Zelt ein Jahr leer steht. Alles unter Planen, und überall Laub, Scherben und Stroh.","Oh dear … that is what a tent looks like after a year standing empty. Everything under covers, and leaves, shards and straw everywhere.","Eyvah … bir yıl boş kalan çadır işte böyle görünür. Her şey örtülerin altında, her yerde yaprak, cam kırığı ve saman."
CHEF_PUTZ_2_DU,"Zieh die Planen von Theke, Bühne und Regalen. Den Dreck fegst du mit dem Besen zusammen — halt E gedrückt, dann kommt er in einen Sack.","Pull the covers off the bar, the stage and the shelves. Sweep the dirt together with the broom — hold E and it goes into a bag.","Tezgahın, sahnenin ve rafların örtülerini çek. Pislikleri süpürgeyle topla — E'ye basılı tut, hepsi bir torbaya girer."
CHEF_PUTZ_2_IHR,"Zieht die Planen von Theke, Bühne und Regalen. Den Dreck fegt ihr mit dem Besen zusammen — haltet E gedrückt, dann kommt er in einen Sack.","Pull the covers off the bar, the stage and the shelves. Sweep the dirt together with the broom — hold E and it goes into a bag.","Tezgahın, sahnenin ve rafların örtülerini çekin. Pislikleri süpürgeyle toplayın — E'ye basılı tutun, hepsi bir torbaya girer."
CHEF_PUTZ_3_DU,"Die Säcke trägst du raus und wirfst sie in die Mülltonne links neben der Zelttür, die Müllabfuhr holt sie morgen früh. Wenn alles sauber ist, komm in mein Büro.","Carry the bags out and throw them into the bin left of the tent door, the bin men collect them tomorrow morning. When everything is clean, come to my office.","Torbaları dışarı taşıyıp çadır kapısının solundaki çöp kutusuna at, çöpçüler yarın sabah alır. Her şey temizlenince ofisime gel."
CHEF_PUTZ_3_IHR,"Die Säcke tragt ihr raus und werft sie in die Mülltonne links neben der Zelttür, die Müllabfuhr holt sie morgen früh. Wenn alles sauber ist, kommt in mein Büro.","Carry the bags out and throw them into the bin left of the tent door, the bin men collect them tomorrow morning. When everything is clean, come to my office.","Torbaları dışarı taşıyıp çadır kapısının solundaki çöp kutusuna atın, çöpçüler yarın sabah alır. Her şey temizlenince ofisime gelin."
HINT_PLANE,{interact} halten: Plane abziehen,Hold {interact}: pull off the cover,{interact} basılı tut: örtüyü çek
HINT_FEGEN,{interact} halten: fegen,Hold {interact}: sweep,{interact} basılı tut: süpür
HINT_WISCHEN,{interact} halten: Fußspuren wischen,Hold {interact}: wipe up the footprints,{interact} basılı tut: ayak izlerini sil
MSG_FUSS_ERSTE,Fußspuren vom Eingang bis zu den Tischen! Die Gäste schleppen Dreck ins Zelt — wisch den Weg regelmäßig weg,Footprints from the door to the tables! Guests drag dirt into the tent — wipe the trail up regularly,Girişten masalara ayak izleri! Misafirler çadıra pislik taşıyor — yolu düzenli olarak sil
HINT_MUELL_ABSTELLEN,{interact} Müllsack in die Tonne werfen,{interact} Throw the rubbish bag into the bin,{interact} Çöp torbasını kutuya at
HINT_MUELL_NICHT_LAGER,Müll gehört in die Mülltonne vor dem Zelt,Rubbish goes into the bin outside the tent,Çöp çadırın önündeki çöp kutusuna gider
PUTZ_PLANEN,Planen abziehen (%d/%d),Pull off the covers (%d/%d),Örtüleri çek (%d/%d)
PUTZ_DRECK,Dreck fegen (%d/%d),Sweep the dirt (%d/%d),Pislikleri süpür (%d/%d)
PUTZ_MUELL,Säcke in die Mülltonne (%d/%d),Bags into the bin (%d/%d),Torbalar çöp kutusuna (%d/%d)
PUTZ_MUELL_ORT,Die Mülltonne steht links neben der Zelttür. Mit einem Sack in der Hand zeigt der Pfeil den Weg.,The bin is left of the tent door. While you carry a bag the arrow shows the way.,Çöp kutusu çadır kapısının solunda. Elinde torba varken ok yolu gösterir.
WORLD_MUELLTONNE,Mülltonne,Rubbish bin,Çöp kutusu
MSG_MUELL_TONNE,Müllsack! Ab damit in die Mülltonne links neben der Zelttür — der Pfeil zeigt den Weg.,Rubbish bag! Take it to the bin left of the tent door — the arrow shows the way.,Çöp torbası! Çadır kapısının solundaki çöp kutusuna götür — ok yolu gösterir.
WORLD_MUELLSACK,Müllsack,Rubbish bag,Çöp torbası
CHEF_HUBER_DU,"Der Konrad vom Nachbarzelt will Sepps Zelt schon ewig — es ist viel größer als seins. Aber der Sepp konnte ihn nicht ausstehen. Dem Konrad hätte er's nie gegeben.","Konrad from the tent next door has wanted Sepp's tent forever — it is much bigger than his. But Sepp could not stand him. He would never have let Konrad have it.","Yan çadırdaki Konrad, Sepp'in çadırını yıllardır istiyor — onunkinden çok daha büyük. Ama Sepp ona hiç katlanamazdı. Çadırı asla Konrad'a vermezdi."
CHEF_HUBER_IHR,"Der Konrad vom Nachbarzelt will Sepps Zelt schon ewig — es ist viel größer als seins. Aber der Sepp konnte ihn nicht ausstehen. Dem Konrad hätte er's nie gegeben.","Konrad from the tent next door has wanted Sepp's tent forever — it is much bigger than his. But Sepp could not stand him. He would never have let Konrad have it.","Yan çadırdaki Konrad, Sepp'in çadırını yıllardır istiyor — onunkinden çok daha büyük. Ama Sepp ona hiç katlanamazdı. Çadırı asla Konrad'a vermezdi."
CHEF_NEIN_1_DU,"Schade … Dann bekommt's wohl der Konrad, der hat schon dreimal gefragt. Der Sepp würde sich im Grab umdrehen.","What a shame … Then Konrad will probably get it, he has asked three times already. Sepp would turn in his grave.","Ne yazık … O zaman büyük ihtimalle Konrad alacak, üç kez sordu bile. Sepp mezarında ters dönerdi."
CHEF_NEIN_1_IHR,"Schade … Dann bekommt's wohl der Konrad, der hat schon dreimal gefragt. Der Sepp würde sich im Grab umdrehen.","What a shame … Then Konrad will probably get it, he has asked three times already. Sepp would turn in his grave.","Ne yazık … O zaman büyük ihtimalle Konrad alacak, üç kez sordu bile. Sepp mezarında ters dönerdi."
HUBER_NAME,Konrad,Konrad,Konrad
HINT_HUBER,{interact} Mit Konrad reden,{interact} Talk to Konrad,{interact} Konrad ile konuş
HUBER_SPOTT_1_DU,"Ah, Sepps Patenkind. Hast du überhaupt schon mal eine Maß gezapft? Ich geb dir zwei Wochen.","Ah, Sepp's godchild. Have you ever even poured a stein? I give you two weeks.","Ah, Sepp'in vaftiz çocuğu. Hiç bira doldurdun mu ki? Sana iki hafta veriyorum."
HUBER_SPOTT_1_IHR,"Ah, Sepps Erben. Habt ihr überhaupt schon mal eine Maß gezapft? Ich geb euch zwei Wochen.","Ah, Sepp's heirs. Have you ever even poured a stein? I give you two weeks.","Ah, Sepp'in varisleri. Hiç bira doldurdunuz mu ki? Size iki hafta veriyorum."
HUBER_SPOTT_2_DU,"Der Sepp hat vierzig Jahre gebraucht, um pleite zu gehen. Du schaffst das schneller, wetten?","Sepp took forty years to go broke. You will do it faster, I bet.","Sepp'in iflas etmesi kırk yıl sürdü. Sen daha hızlı yaparsın, bahse girerim."
HUBER_SPOTT_2_IHR,"Der Sepp hat vierzig Jahre gebraucht, um pleite zu gehen. Ihr schafft das schneller, wetten?","Sepp took forty years to go broke. You will do it faster, I bet.","Sepp'in iflas etmesi kırk yıl sürdü. Siz daha hızlı yaparsınız, bahse girerim."
HUBER_SPOTT_3_DU,"Wenn du aufgibst, sag Bescheid. Ich zahl dir sogar was fürs Zelt. Nicht viel, aber was.","If you give up, let me know. I will even pay you something for the tent. Not much, but something.","Pes edersen haber ver. Çadır için sana bir şey bile öderim. Çok değil ama bir şey."
HUBER_SPOTT_3_IHR,"Wenn ihr aufgebt, sagt Bescheid. Ich zahl euch sogar was fürs Zelt. Nicht viel, aber was.","If you give up, let me know. I will even pay you something for the tent. Not much, but something.","Pes ederseniz haber verin. Çadır için size bir şey bile öderim. Çok değil ama bir şey."
HUBER_KRIEG_1_DU,"Läuft ja überraschend gut bei dir. Wär doch schade, wenn plötzlich ein Fass ausläuft … rein zufällig.","Going surprisingly well for you. Would be a shame if a keg suddenly started leaking … purely by chance.","Şaşırtıcı derecede iyi gidiyor. Bir fıçı birden sızdırmaya başlasa yazık olurdu … tamamen tesadüfen."
HUBER_KRIEG_1_IHR,"Läuft ja überraschend gut bei euch. Wär doch schade, wenn plötzlich ein Fass ausläuft … rein zufällig.","Going surprisingly well for you. Would be a shame if a keg suddenly started leaking … purely by chance.","Şaşırtıcı derecede iyi gidiyor. Bir fıçı birden sızdırmaya başlasa yazık olurdu … tamamen tesadüfen."
HUBER_KRIEG_2_DU,"Riecht's bei dir im Zelt nicht ein bisserl komisch? Die Leute reden schon.","Doesn't your tent smell a little funny? People are already talking.","Çadırında biraz tuhaf bir koku yok mu? İnsanlar konuşmaya başladı bile."
HUBER_KRIEG_2_IHR,"Riecht's bei euch im Zelt nicht ein bisserl komisch? Die Leute reden schon.","Doesn't your tent smell a little funny? People are already talking.","Çadırınızda biraz tuhaf bir koku yok mu? İnsanlar konuşmaya başladı bile."
HUBER_KRIEG_3_DU,"Ich hab nix gemacht. Ich steh nur hier und trink mein Bier. Prost!","I have done nothing. I am just standing here drinking my beer. Cheers!","Ben bir şey yapmadım. Sadece burada durup biramı içiyorum. Şerefe!"
HUBER_KRIEG_3_IHR,"Ich hab nix gemacht. Ich steh nur hier und trink mein Bier. Prost!","I have done nothing. I am just standing here drinking my beer. Cheers!","Ben bir şey yapmadım. Sadece burada durup biramı içiyorum. Şerefe!"
HUBER_FINALE_1_DU,"Jetzt reicht's. Am letzten Festtag machen wir das aus: Maß-Wettschleppen, vor allen Leuten.","That's enough. On the last day of the fair we settle this: a stein-carrying race, in front of everyone.","Yeter artık. Fuarın son günü bunu çözeriz: herkesin önünde kupa taşıma yarışı."
HUBER_FINALE_1_IHR,"Jetzt reicht's. Am letzten Festtag machen wir das aus: Maß-Wettschleppen, vor allen Leuten.","That's enough. On the last day of the fair we settle this: a stein-carrying race, in front of everyone.","Yeter artık. Fuarın son günü bunu çözeriz: herkesin önünde kupa taşıma yarışı."
HUBER_FINALE_2_DU,"Verlierst du, sagst du laut, dass der Sepp ein Stümper war. Gewinnst du … na, das wird nicht passieren.","If you lose, you say out loud that Sepp was a bungler. If you win … well, that won't happen.","Kaybedersen, Sepp'in beceriksiz olduğunu yüksek sesle söylersin. Kazanırsan … neyse, o olmayacak."
HUBER_FINALE_2_IHR,"Verliert ihr, sagt ihr laut, dass der Sepp ein Stümper war. Gewinnt ihr … na, das wird nicht passieren.","If you lose, you say out loud that Sepp was a bungler. If you win … well, that won't happen.","Kaybederseniz, Sepp'in beceriksiz olduğunu yüksek sesle söylersiniz. Kazanırsanız … neyse, o olmayacak."
HUBER_PLEITE_DU,"Na, braucht's a Darlehen? Ich kauf dir das Zelt gern ab. Zum Freundschaftspreis.","Well, need a loan? I will gladly buy the tent off you. At a friendly price.","Ee, borç lazım mı? Çadırı senden seve seve alırım. Dostluk fiyatına."
HUBER_PLEITE_IHR,"Na, braucht's a Darlehen? Ich kauf euch das Zelt gern ab. Zum Freundschaftspreis.","Well, need a loan? I will gladly buy the tent off you. At a friendly price.","Ee, borç lazım mı? Çadırı sizden seve seve alırım. Dostluk fiyatına."
HUBER_WETTE_MASS,heute mindestens %d Gäste bedienen,serve at least %d guests today,bugün en az %d misafire servis yapmak
HUBER_WETTE_SAUBER,heute keine einzige Pfütze im Zelt,not a single puddle in the tent today,bugün çadırda tek bir birikinti bile olmaması
HUBER_WETTE_BESCHWERDE,heute keine einzige Beschwerde,not a single complaint today,bugün tek bir şikayet bile olmaması
HUBER_WETTE_FRAGE_DU,"Ich wette, das schaffst du nicht: %s. Einsatz %s. Traust du dich?","I bet you can't: %s. Stake %s. Dare you?","Bahse girerim yapamazsın: %s. Bahis %s. Cesaretin var mı?"
HUBER_WETTE_FRAGE_IHR,"Ich wette, das schafft ihr nicht: %s. Einsatz %s. Traut ihr euch?","I bet you can't: %s. Stake %s. Dare you?","Bahse girerim yapamazsınız: %s. Bahis %s. Cesaretiniz var mı?"
HUBER_WETTE_LAEUFT_DU,Vergiss unsere Wette nicht: %s.,Don't forget our bet: %s.,Bahsimizi unutma: %s.
HUBER_WETTE_LAEUFT_IHR,Vergesst unsere Wette nicht: %s.,Don't forget our bet: %s.,Bahsimizi unutmayın: %s.
HUBER_WAHL_JA_DU,"Die Wette gilt!","You're on!","Bahis tamam!"
HUBER_WAHL_JA_IHR,"Die Wette gilt!","You're on!","Bahis tamam!"
HUBER_WAHL_NEIN_DU,"Nein, danke","No, thanks","Hayır, sağ ol"
HUBER_WAHL_NEIN_IHR,"Nein, danke","No, thanks","Hayır, sağ ol"
HUBER_JA_DU,"Hehe. Heut Abend zahlst du. Schreib's dir auf.","Hehe. Tonight you pay. Write it down.","Hehe. Bu akşam sen ödüyorsun. Not al."
HUBER_JA_IHR,"Hehe. Heut Abend zahlt ihr. Schreibt's euch auf.","Hehe. Tonight you pay. Write it down.","Hehe. Bu akşam siz ödüyorsunuz. Not alın."
HUBER_NEIN_DU,"Feigling. Der Sepp hätte wenigstens gewettet.","Coward. Sepp would at least have taken the bet.","Korkak. Sepp en azından bahse girerdi."
HUBER_NEIN_IHR,"Feiglinge. Der Sepp hätte wenigstens gewettet.","Cowards. Sepp would at least have taken the bet.","Korkaklar. Sepp en azından bahse girerdi."
MSG_HUBER_WETTE,Konrad hat eine Wette für euch — sprecht ihn vor seinem Zelt an,Konrad has a bet for you — talk to him outside his tent,Konrad'ın size bir bahsi var — çadırının önünde onunla konuşun
MSG_HUBER_WETTE_AN,Wette mit Konrad angenommen — Einsatz %s,Bet with Konrad accepted — stake %s,Konrad ile bahis kabul edildi — bahis %s
MSG_HUBER_WETTE_GEWONNEN,Wette gewonnen! Konrad zahlt zähneknirschend %s,Bet won! Konrad grudgingly pays %s,Bahis kazanıldı! Konrad dişlerini sıkarak %s ödüyor
MSG_HUBER_WETTE_VERLOREN,Wette verloren — Konrad kassiert grinsend %s,Bet lost — Konrad collects %s with a grin,Bahis kaybedildi — Konrad sırıtarak %s alıyor
MSG_SABOTAGE_FASS,Ein Fass läuft aus! Schnell aufwischen — jede Sekunde kostet Bier. Das war doch der Konrad …,A keg is leaking! Mop it up fast — every second costs beer. That was Konrad …,Bir fıçı sızdırıyor! Hemen sil — her saniye biraya mal oluyor. Bu Konrad'dı …
MSG_SABOTAGE_STINK,Stinkbombe im Zelt! Putzen — die Gäste rümpfen schon die Nase. Konrad lässt grüßen …,Stink bomb in the tent! Clean up — guests are wrinkling their noses. Regards from Konrad …,Çadırda koku bombası! Temizleyin — misafirler burun kıvırıyor. Konrad'dan selamlar …
WORLD_LECK,Leck! ({interact} halten),Leak! (hold {interact}),Sızıntı! ({interact} basılı tut)
HUD_HUBER_WETTE,Wette mit Konrad: %s (Einsatz %s),Bet with Konrad: %s (stake %s),Konrad ile bahis: %s (bahis %s)
HUD_HUBER_ANGEBOT,Konrad bietet eine Wette an — sprich ihn an,Konrad is offering a bet — talk to him,Konrad bahis teklif ediyor — onunla konuş
DUELL_TITEL,Maß-Wettschleppen,Stein-Carrying Race,Kupa Taşıma Yarışı
DUELL_STUFE,Runde %d von 5  %s,Round %d of 5  %s,Tur %d / 5  %s
DUELL_START_ZIEL,Start · Ziel,Start · Finish,Başlangıç · Bitiş
DUELL_LOS,Los!,Go!,Başla!
DUELL_HUBER_TOR,Konrad: Tor %d,Konrad: gate %d,Konrad: kapı %d
DUELL_HUBER_FERTIG,Konrad: %.1f s,Konrad: %.1f s,Konrad: %.1f sn
DUELL_HINWEIS,"Durch alle %d Tore und zurück ins Ziel. Nicht rennen, nicht scharf lenken — sonst schwappt's über (+2,5 s je Maß).","Through all %d gates and back to the finish. Don't run, don't turn sharply — or it spills (+2.5 s per stein).","%d kapının hepsinden geçip bitişe dön. Koşma, sert dönme — yoksa taşar (kupa başına +2,5 sn)."
MSG_DUELL_ERGEBNIS,"Wettschleppen: %.1f s (%d verschüttet) — Konrad %.1f s","Stein race: %.1f s (%d spilled) — Konrad %.1f s","Kupa yarışı: %.1f sn (%d döküldü) — Konrad %.1f sn"
HUBER_DUELL_1_DU,"Heut ist der letzte Festtag. Zeit, dass wir das klären.","Today is the last day of the fair. Time to settle this.","Bugün fuarın son günü. Bunu halletme zamanı."
HUBER_DUELL_1_IHR,"Heut ist der letzte Festtag. Zeit, dass wir das klären.","Today is the last day of the fair. Time to settle this.","Bugün fuarın son günü. Bunu halletme zamanı."
HUBER_DUELL_2_DU,"Zehn Maß, einmal durch alle Tore und zurück. Wer schneller ist und weniger verschüttet, gewinnt. Verlierst du, gibst du zu, dass der Sepp ein Stümper war.","Ten steins, once through all the gates and back. Whoever is faster and spills less wins. If you lose, you admit Sepp was a bungler.","On kupa, bütün kapılardan geçip geri. Kim daha hızlı olur ve daha az dökerse kazanır. Kaybedersen Sepp'in beceriksiz olduğunu kabul edersin."
HUBER_DUELL_2_IHR,"Zehn Maß, einmal durch alle Tore und zurück. Wer schneller ist und weniger verschüttet, gewinnt. Verliert ihr, gebt ihr zu, dass der Sepp ein Stümper war.","Ten steins, once through all the gates and back. Whoever is faster and spills less wins. If you lose, you admit Sepp was a bungler.","On kupa, bütün kapılardan geçip geri. Kim daha hızlı olur ve daha az dökerse kazanır. Kaybederseniz Sepp'in beceriksiz olduğunu kabul edersiniz."
HUBER_DUELL_FRAGE_DU,Also — traust du dich? Jetzt gleich?,So — dare you? Right now?,Peki — cesaretin var mı? Hemen şimdi?
HUBER_DUELL_FRAGE_IHR,Also — traut ihr euch? Jetzt gleich?,So — dare you? Right now?,Peki — cesaretiniz var mı? Hemen şimdi?
HUBER_DUELL_JA_DU,Für Sepps Ehre!,For Sepp's honour!,Sepp'in onuru için!
HUBER_DUELL_JA_IHR,Für Sepps Ehre!,For Sepp's honour!,Sepp'in onuru için!
HUBER_DUELL_NEIN_DU,Gleich — ich muss mich noch warm machen,In a bit — I need to warm up,Birazdan — ısınmam lazım
HUBER_DUELL_NEIN_IHR,Gleich — wir müssen uns noch warm machen,In a bit — we need to warm up,Birazdan — ısınmamız lazım
HUBER_DUELL_SPAETER_DU,"Hehe, weiche Knie? Ich wart hier. Aber nicht ewig.","Hehe, weak knees? I'll wait here. But not forever.","Hehe, dizlerin mi titriyor? Burada bekliyorum. Ama sonsuza kadar değil."
HUBER_DUELL_SPAETER_IHR,"Hehe, weiche Knie? Ich wart hier. Aber nicht ewig.","Hehe, weak knees? I'll wait here. But not forever.","Hehe, dizleriniz mi titriyor? Burada bekliyorum. Ama sonsuza kadar değil."
HUBER_BESIEGT_1_DU,"Das … das gibt's doch nicht. Geschlagen. Von Sepps Patenkind.","That … that can't be. Beaten. By Sepp's godchild.","Bu … bu olamaz. Yenildim. Sepp'in vaftiz çocuğuna."
HUBER_BESIEGT_1_IHR,"Das … das gibt's doch nicht. Geschlagen. Von Sepps Erben.","That … that can't be. Beaten. By Sepp's heirs.","Bu … bu olamaz. Yenildim. Sepp'in varislerine."
HUBER_BESIEGT_2_DU,"Also gut. Ich sag's laut: Der Sepp war ein guter Wirt. Der beste. Zufrieden?","All right. I'll say it out loud: Sepp was a good landlord. The best. Happy?","Peki. Yüksek sesle söylüyorum: Sepp iyi bir hancıydı. En iyisi. Memnun musun?"
HUBER_BESIEGT_2_IHR,"Also gut. Ich sag's laut: Der Sepp war ein guter Wirt. Der beste. Zufrieden?","All right. I'll say it out loud: Sepp was a good landlord. The best. Happy?","Peki. Yüksek sesle söylüyorum: Sepp iyi bir hancıydı. En iyisi. Memnun musunuz?"
HUBER_SIEGT_1_DU,"Hahaha! Zu langsam, zu nass. Na los, sag's: Der Sepp war ein Stümper!","Hahaha! Too slow, too wet. Go on, say it: Sepp was a bungler!","Hahaha! Çok yavaş, çok ıslak. Hadi söyle: Sepp beceriksizdi!"
HUBER_SIEGT_1_IHR,"Hahaha! Zu langsam, zu nass. Na los, sagt's: Der Sepp war ein Stümper!","Hahaha! Too slow, too wet. Go on, say it: Sepp was a bungler!","Hahaha! Çok yavaş, çok ıslak. Hadi söyleyin: Sepp beceriksizdi!"
HUBER_SIEGT_2_DU,"… Revanche? Meinetwegen. Heute bin ich großzügig. Sprich mich einfach nochmal an.","… A rematch? Fine by me. I'm feeling generous today. Just talk to me again.","… Rövanş mı? Olur. Bugün cömert günümdeyim. Benimle tekrar konuş yeter."
HUBER_SIEGT_2_IHR,"… Revanche? Meinetwegen. Heute bin ich großzügig. Sprecht mich einfach nochmal an.","… A rematch? Fine by me. I'm feeling generous today. Just talk to me again.","… Rövanş mı? Olur. Bugün cömert günümdeyim. Benimle tekrar konuşun yeter."
HUBER_NACH_SIEG_DU,"Jaja, schon gut. Nächstes Jahr krieg ich dich. Prost.","Yeah, yeah, fine. Next year I'll get you. Cheers.","Tamam tamam. Seneye seni yakalayacağım. Şerefe."
HUBER_NACH_SIEG_IHR,"Jaja, schon gut. Nächstes Jahr krieg ich euch. Prost.","Yeah, yeah, fine. Next year I'll get you. Cheers.","Tamam tamam. Seneye sizi yakalayacağım. Şerefe."
BRIEF_ENDE_TITEL,Ein letzter Brief von Onkel Sepp,One last letter from Uncle Sepp,Sepp Amca'dan son bir mektup
BRIEF_SCHLIESSEN,Linksklick: schließen,Left click: close,Sol tık: kapat
BRIEF_ENDE_1_DU,"Festleiter Horst hat mir versprochen, dir das hier erst zu geben, wenn du den Konrad geschlagen hast. Wenn du das liest: Ich hab's immer gewusst.","Fair manager Horst promised me to give you this only once you had beaten Konrad. If you are reading this: I always knew it.","Fuar müdürü Horst bunu sana ancak Konrad'ı yendiğinde vereceğine söz verdi. Bunu okuyorsan: Hep biliyordum."
BRIEF_ENDE_1_IHR,"Festleiter Horst hat mir versprochen, euch das hier erst zu geben, wenn ihr den Konrad geschlagen habt. Wenn ihr das lest: Ich hab's immer gewusst.","Fair manager Horst promised me to give you this only once you had beaten Konrad. If you are reading this: I always knew it.","Fuar müdürü Horst bunu size ancak Konrad'ı yendiğinizde vereceğine söz verdi. Bunu okuyorsanız: Hep biliyordum."
BRIEF_ENDE_2_DU,"Das Zelt gehört jetzt wirklich dir. Mach's besser als ich, und vergiss nie: Eine kalte Maß und ein freundliches Wort — mehr braucht's nicht.

Prost, mein Patenkind.
Dein Onkel Sepp","The tent is truly yours now. Do better than I did, and never forget: a cold stein and a kind word — that is all it takes.

Cheers, my godchild.
Your Uncle Sepp","Çadır artık gerçekten senin. Benden daha iyisini yap ve asla unutma: soğuk bir kupa ve güzel bir söz — başka bir şey gerekmez.

Şerefe, vaftiz çocuğum.
Sepp Amcan"
BRIEF_ENDE_2_IHR,"Das Zelt gehört jetzt wirklich euch. Macht's besser als ich, und vergesst nie: Eine kalte Maß und ein freundliches Wort — mehr braucht's nicht.

Prost, ihr Lieben.
Euer Onkel Sepp","The tent is truly yours now. Do better than I did, and never forget: a cold stein and a kind word — that is all it takes.

Cheers, my dears.
Your Uncle Sepp","Çadır artık gerçekten sizin. Benden daha iyisini yapın ve asla unutmayın: soğuk bir kupa ve güzel bir söz — başka bir şey gerekmez.

Şerefe, sevgililerim.
Sepp Amcanız"
ZEITUNG_NAME,Festkurier,Fair Courier,Fuar Postası
ZEITUNG_AUSGABE,Abendausgabe · Tag %d · 20 Pfennig,Evening edition · Day %d · 20 pence,Akşam baskısı · Gün %d · 20 kuruş
ZEITUNG_SCHLIESSEN,Klick / E: Zeitung weglegen,Click / E: put the paper away,Tık / E: gazeteyi bırak
ZEITUNG_ZAHLEN,"Heute: %d Gäste bedient · %s Umsatz · Beliebtheit %d %%","Today: %d guests served · %s in sales · popularity %d %%","Bugün: %d misafire servis · %s ciro · popülerlik %%%d"
ZEITUNG_LEER,Gähnende Leere im Zelt „%s“,Deathly quiet at „%s“,%s'da derin sessizlik
ZEITUNG_LEER_UNTER,Kein einziger Gast bedient — die Blaskapelle spielte für die Tauben.,Not a single guest served — the brass band played for the pigeons.,Tek bir misafire bile servis yapılmadı — bando güvercinlere çaldı.
ZEITUNG_BESCHWERDEN,Beschwerdeflut im Zelt „%s“!,Flood of complaints at „%s“!,%s'da şikayet yağmuru!
ZEITUNG_BESCHWERDEN_UNTER,"%d Gäste beschwerten sich — Festleiter Horst runzelt die Stirn.","%d guests complained — fair manager Horst is frowning.","%d misafir şikayet etti — fuar müdürü Horst kaşlarını çattı."
ZEITUNG_PFUETZEN,Pfützen-Alarm im Zelt „%s“,Puddle alert at „%s“,%s'da birikinti alarmı
ZEITUNG_PFUETZEN_UNTER,"%d Pfützen in einer Schicht. Leser fragen: Gibt es dort überhaupt ein Klo?","%d puddles in one shift. Readers ask: is there even a toilet?","Bir vardiyada %d birikinti. Okurlar soruyor: orada tuvalet var mı?"
ZEITUNG_GEGANGEN,%d Gäste gehen durstig heim,%d guests go home thirsty,%d misafir susuz eve gitti
ZEITUNG_GEGANGEN_UNTER,"Lange Wartezeiten im Zelt „%s“ — die Geduld der Festbesucher ist endlich.","Long waits at „%s“ — fairgoers' patience has limits.","%s'da uzun bekleme — ziyaretçilerin sabrı sınırlı."
ZEITUNG_VERLUST,Rote Zahlen im Zelt „%s“,In the red at „%s“,%s zararda
ZEITUNG_VERLUST_UNTER,Der Tag hat mehr gekostet als eingebracht. Konrad lacht sich ins Fäustchen.,The day cost more than it brought in. Konrad is laughing up his sleeve.,Gün getirdiğinden fazlasına mal oldu. Konrad bıyık altından gülüyor.
ZEITUNG_REKORD,Rekord! %d Gäste an einem Tag,Record! %d guests in one day,Rekor! Bir günde %d misafir
ZEITUNG_REKORD_UNTER,"Im Zelt „%s“ fließt das Bier wie zu Sepps besten Zeiten.","At „%s“ the beer flows like in Sepp's best days.","%s'da bira Sepp'in en iyi günlerindeki gibi akıyor."
ZEITUNG_BELIEBT,„%s“ — bald das beliebteste Zelt des Fests?,%s — soon the most popular tent of the fair?,%s — yakında fuarın en sevilen çadırı mı?
ZEITUNG_BELIEBT_UNTER,Besucher schwärmen von kalter Maß und freundlicher Bedienung.,Visitors rave about cold beer and friendly service.,Ziyaretçiler soğuk bira ve güler yüzlü servise hayran.
ZEITUNG_SOLIDE,Solider Tag im Zelt „%s“: %d Gäste bedient,A solid day at „%s“: %d guests served,%s'da sağlam bir gün: %d misafire servis
ZEITUNG_SOLIDE_UNTER,"Keine Katastrophe, kein Rekord — das Fest läuft.","No disaster, no record — the fair rolls on.","Felaket yok, rekor yok — fuar devam ediyor."
ZEITUNG_M_KREDIT,Brauerei bestätigt: Sepps Erben stehen in der Kreide.,Brewery confirms: Sepp's heirs are in debt.,Bira fabrikası doğruladı: Sepp'in varisleri borçlu.
ZEITUNG_M_BANK,Bank erinnert: Rate fällig am Abend von Tag %d (%s).,Bank reminds: instalment due on the evening of day %d (%s).,Banka hatırlatıyor: taksit %d. günün akşamı (%s).
ZEITUNG_M_KLO,Leserbrief: „Warum hat das Festzelt kein Klo?“,Letter to the editor: “Why doesn't the tent have a toilet?”,Okur mektubu: “Çadırda neden tuvalet yok?”
ZEITUNG_M_KELLNER,Gäste klagen über lange Wartezeiten — fehlt es an Kellnern?,Guests complain about long waits — not enough waiters?,Misafirler uzun beklemeden şikayetçi — garson mu eksik?
ZEITUNG_M_HUBER_1,Konrad-Zelt kündigt „die kälteste Maß des Fests“ an.,The Konrad-Zelt promises “the coldest stein of the fair”.,Konrad-Zelt “fuarın en soğuk birası” sözü veriyor.
ZEITUNG_M_HUBER_2,Konrad im Interview: „Sepps Zelt? Das hält keine Woche.“,Konrad in an interview: “Sepp's tent? Won't last a week.”,Konrad röportajda: “Sepp'in çadırı mı? Bir hafta dayanmaz.”
ZEITUNG_M_HUBER_3,Gerücht: Konrad soll nachts um fremde Zelte schleichen.,Rumour: Konrad is said to sneak around other tents at night.,Söylenti: Konrad'ın geceleri başka çadırların etrafında dolaştığı söyleniyor.
ZEITUNG_M_HUBER_4,Konrad verlost Freibier — aber nur für Stammgäste.,Konrad raffles free beer — regulars only.,Konrad bedava bira çekilişi yapıyor — sadece müdavimlere.
ACTION_KALENDER,Kalender,Calendar,Takvim
KALENDER_TITEL,Festkalender,Fair calendar,Fuar takvimi
KALENDER_LEGENDE,"Karte anwählen für Details · Gold leuchtet der heutige Tag, Haken = vorbei · K oder Esc schließt","Select a card for details · today glows gold, tick = past · K or Esc closes","Ayrıntı için bir kart seç · bugün altın parlar, tik = geçti · K veya Esc kapatır"
KALENDER_ERSTER,Erster Festtag,First day of the fair,Fuarın ilk günü
KALENDER_BANK,%s,%s,%s
KALENDER_WETTE,Konrad-Wette,Konrad bet,Konrad bahsi
KALENDER_DUELL,Duell mit Konrad,Duel with Konrad,Konrad ile düello
EREIGNIS_ANSTICH_TITEL,Anstich — O'zapft is!,Tapping — O'zapft is!,Fıçı açılışı — O'zapft is!
EREIGNIS_ANSTICH_START,"Anstich! Der erste Festtag lockt viele Neugierige ins Zelt.","Tapping day! The first day of the fair draws plenty of curious visitors.","Fıçı açılışı! Fuarın ilk günü çok sayıda meraklı çekiyor."
EREIGNIS_TRACHT_TITEL,Trachtenumzug,Costume parade,Geleneksel kıyafet alayı
EREIGNIS_TRACHT_START,"Trachtenumzug! Viele Trachtler kommen ins Zelt — und die trinken nur Helles.","Costume parade! Lots of people in traditional dress come in — and they only drink Helles.","Geleneksel kıyafet alayı! Çok sayıda kişi geliyor — ve sadece Helles içiyorlar."
EREIGNIS_FAMILIE_TITEL,Familientag,Family day,Aile günü
EREIGNIS_FAMILIE_START,"Familientag! Mehr Essen, weniger Bier — und die Gäste warten geduldiger.","Family day! More food, less beer — and guests wait more patiently.","Aile günü! Daha çok yemek, daha az bira — ve misafirler daha sabırlı."
EREIGNIS_ITALIENER_TITEL,Italiener-Wochenende,Italian weekend,İtalyan hafta sonu
EREIGNIS_ITALIENER_START,"Italiener-Wochenende! Busweise Touristen — das Zelt wird rappelvoll.","Italian weekend! Busloads of tourists — the tent will be packed.","İtalyan hafta sonu! Otobüs dolusu turist — çadır tıklım tıklım olacak."
DECO_AKTENSCHRANK,Aktenschrank,Filing cabinet,Dosya dolabı
DECO_AKTENSCHRANK_INFO,Holzschrank mit vier Schubladen — fürs Zeltbüro.,Wooden cabinet with four drawers — for the tent office.,Dört çekmeceli ahşap dolap — çadır ofisi için.
DECO_ORDNERREGAL,Ordnerregal,Folder shelf,Klasör rafı
DECO_ORDNERREGAL_INFO,Regal voller bunter Ordner — Ordnung muss sein.,Shelf full of colourful folders — order is everything.,Renkli klasörlerle dolu raf — düzen şart.
DECO_BUEROSTUHL,Bürostuhl,Office chair,Ofis sandalyesi
DECO_BUEROSTUHL_INFO,Gepolsterter Drehstuhl mit Armlehnen.,Padded swivel chair with armrests.,Kolçaklı döner sandalye.
DECO_TOPFPFLANZE,Gummibaum,Rubber plant,Kauçuk ağacı
DECO_TOPFPFLANZE_INFO,Grün im Terrakottatopf.,Greenery in a terracotta pot.,Toprak saksıda yeşillik.
DECO_WANDUHR,Wanduhr,Wall clock,Duvar saati
DECO_WANDUHR_INFO,Pendeluhr aus dunklem Holz — rastet an der Wand ein.,Dark wood pendulum clock — snaps to the wall.,Koyu ahşap sarkaçlı saat — duvara oturur.
DECO_PLAKAT,Festplakat,Fair poster,Fuar posteri
DECO_PLAKAT_INFO,Gerahmtes Plakat mit Zelt und Riesenrad.,Framed poster with tent and Ferris wheel.,Çadır ve dönme dolaplı çerçeveli poster.
DECO_BUEROLEUCHTE,Kranzleuchte,Ring chandelier,Halka avize
DECO_BUEROLEUCHTE_INFO,Holzkranz mit vier Glaskugeln — hängt unter dem Dach.,Wooden ring with four glass globes — hangs from the roof.,Dört cam küreli ahşap halka — çatıdan asılır.
DECO_TEPPICH,Teppich,Rug,Halı
DECO_TEPPICH_INFO,Roter Teppich mit Rautenmuster.,Red rug with diamond pattern.,Baklava desenli kırmızı halı.
DECO_WARTEBANK,Holzbank,Wooden bench,Ahşap bank
DECO_WARTEBANK_INFO,Bank mit Lehne zum Verschnaufen.,Bench with backrest for a breather.,Soluklanmak için arkalıklı bank.
DECO_GARDEROBE,Garderobe,Coat stand,Portmanto
DECO_GARDEROBE_INFO,Mit Hut und Janker — wie bei Festleiter Horst.,With hat and jacket — just like fair manager Horst's.,Şapka ve ceketle — fuar müdürü Horst'unki gibi.
DECO_KAFFEEECKE,Kaffeeecke,Coffee corner,Kahve köşesi
DECO_KAFFEEECKE_INFO,Anrichte mit Kaffeemaschine und Tassen.,Sideboard with coffee machine and cups.,Kahve makinesi ve fincanlarla büfe.
TEAM_TITEL,Dein Team (%d),Your team (%d),Ekibin (%d)
TEAM_INFO,%s · Stufe %d · seit Tag %d · %s pro Tag,%s · level %d · since day %d · %s per day,%s · seviye %d · %d. günden beri · günlük %s
TEAM_UNZUFRIEDEN,unzufrieden (arbeitet langsamer),unhappy (works slower),memnun değil (daha yavaş çalışıyor)
TEAM_LOHN,Lohn erhöhen,Raise wage,Maaşı artır
TEAM_HALTEN,Halten (mehr Lohn),Keep (higher wage),Tut (daha fazla maaş)
TEAM_ENTLASSEN,Entlassen,Dismiss,İşten çıkar
TEAM_ANLIEGEN_LOHN,"Möchte mehr Lohn (+15 %). Ignoriert: erst unzufrieden, dann Kündigung.","Wants a raise (+15 %). Ignored: first unhappy, then quits.","Zam istiyor (+%15). Görmezden gelinirse: önce memnuniyetsiz, sonra istifa."
TEAM_ANLIEGEN_HUBER,"Konrad will abwerben! Nur mit mehr Lohn (+20 %) bleibt er — sonst ist er morgen weg.","Konrad wants to poach them! They only stay for a higher wage (+20 %) — otherwise gone tomorrow.","Konrad ayartmak istiyor! Sadece daha yüksek maaşla (+%20) kalır — yoksa yarın gider."
MSG_PERSONAL_LOHNWUNSCH,%s möchte mehr Lohn (+%s pro Tag) — Festbüro · Personal,%s wants a raise (+%s per day) — fair office · staff,%s zam istiyor (günlük +%s) — fuar ofisi · personel
MSG_PERSONAL_UNZUFRIEDEN,%s ist unzufrieden und arbeitet langsamer. Morgen kündigt sie/er!,%s is unhappy and works slower. Will quit tomorrow!,%s memnun değil ve daha yavaş çalışıyor. Yarın istifa edecek!
MSG_PERSONAL_KUENDIGT,%s hat gekündigt.,%s has quit.,%s istifa etti.
MSG_PERSONAL_HUBER,Konrad will %s abwerben! Halten kostet +%s pro Tag — Festbüro · Personal,Konrad wants to poach %s! Keeping them costs +%s per day — fair office · staff,Konrad %s'yi ayartmak istiyor! Tutmak günlük +%s — fuar ofisi · personel
MSG_PERSONAL_ABGEWORBEN,%s (%s) ist zu Konrad gewechselt.,%s (%s) has switched to Konrad.,%s (%s) Konrad'a geçti.
MSG_PERSONAL_ZUFRIEDEN,%s ist zufrieden und bleibt.,%s is happy and stays.,%s memnun ve kalıyor.
MSG_PERSONAL_ENTLASSEN,%s wurde entlassen.,%s has been dismissed.,%s işten çıkarıldı.
CHEF_ENDE_3_DU,"Ein Tipp noch: Im Kalender auf dem Büro-Computer siehst du, was dich erwartet — Sondertage, Bankraten und wann der Konrad zum Duell ruft.","One more tip: the calendar on the office computer shows what lies ahead — special days, bank instalments and when Konrad calls for the duel.","Bir ipucu daha: Büro bilgisayarındaki takvimde seni neyin beklediğini görürsün — özel günler, banka taksitleri ve Konrad'ın düelloya ne zaman çağıracağı."
CHEF_ENDE_3_IHR,"Ein Tipp noch: Im Kalender auf dem Büro-Computer seht ihr, was euch erwartet — Sondertage, Bankraten und wann der Konrad zum Duell ruft.","One more tip: the calendar on the office computer shows what lies ahead — special days, bank instalments and when Konrad calls for the duel.","Bir ipucu daha: Büro bilgisayarındaki takvimde sizi neyin beklediğini görürsünüz — özel günler, banka taksitleri ve Konrad'ın düelloya ne zaman çağıracağı."
MSG_EHRE_BEDIENT,Bester Kellner heute: %s (%d Gäste bedient),Best waiter today: %s (%d guests served),Bugünün en iyi garsonu: %s (%d misafir)
MSG_EHRE_GEZAPFT,Schnellster Zapfer heute: %s (%d Maß gezapft),Fastest tapster today: %s (%d steins poured),Bugünün en hızlı fıçıcısı: %s (%d kupa)
MSG_EHRE_GEPUTZT,Putzteufel des Tages: %s (%d Flecken weg),Cleaning champion of the day: %s (%d messes gone),Günün temizlik şampiyonu: %s (%d leke)
ZEITUNG_M_EHRE,Auszeichnung: %s,Award: %s,Ödül: %s
MSG_SABOTEUR_DA,Da schleicht jemand Fremdes ins Zelt … ob das einer vom Konrad ist?,A stranger is sneaking into the tent … one of Konrad's men?,Çadıra bir yabancı sızıyor … Konrad'ın adamı mı?
MSG_SABOTEUR_ERWISCHT,Saboteur erwischt! Konrad ist blamiert — die Gäste spendieren %s,Saboteur caught! Konrad is embarrassed — the guests chip in %s,Sabotajcı yakalandı! Konrad rezil oldu — misafirler %s bahşiş veriyor
HINT_SABOTEUR,{interact} Erwischt! Saboteur rauswerfen,{interact} Gotcha! Throw the saboteur out,{interact} Yakaladım! Sabotajcıyı dışarı at
STAMM_NAME_ALOIS,Opa Alois,Grandpa Alois,Alois Dede
STAMM_NAME_VERONIKA,Veronika vom Trachtenverein,Veronika from the costume club,Kıyafet kulübünden Veronika
STAMM_NAME_KATHARINA,Katharina (Influencerin),Katharina (influencer),Katharina (fenomen)
STAMM_NAME_FRANZ,Franz der Metzger,Franz the butcher,Kasap Franz
STAMM_NAME_GIULIA,Giulia aus Verona,Giulia from Verona,Veronalı Giulia
STAMM_NAME_LUDWIG,"Ludwig, Sepps alter Freund","Ludwig, Sepp's old friend","Ludwig, Sepp'in eski dostu"
MSG_STAMM_ALOIS_DA,Opa Alois ist da — wie jedes Jahr will er sein Helles. Schnell sein!,Grandpa Alois is here — like every year he wants his Helles. Be quick!,Alois Dede geldi — her yıl olduğu gibi Helles'ini istiyor. Çabuk ol!
MSG_STAMM_VERONIKA_DA,Veronika vom Trachtenverein schaut vorbei — sie entscheidet, wo der Verein feiert.,Veronika from the costume club drops by — she decides where the club celebrates.,Kıyafet kulübünden Veronika uğradı — kulübün nerede kutlayacağına o karar veriyor.
MSG_STAMM_KATHARINA_DA,Influencerin Katharina ist im Zelt! Wenn's ihr gefällt, postet sie euch.,Influencer Katharina is in the tent! If she likes it she'll post about you.,Fenomen Katharina çadırda! Beğenirse sizi paylaşacak.
MSG_STAMM_FRANZ_DA,Franz der Metzger ist da — er testet, ob euer Essen was taugt.,Franz the butcher is here — he'll test whether your food is any good.,Kasap Franz geldi — yemeğinizin iyi olup olmadığını test edecek.
MSG_STAMM_GIULIA_DA,Giulia aus Verona ist wieder da — sie liebt Radler.,Giulia from Verona is back — she loves Radler.,Veronalı Giulia yine geldi — Radler'e bayılıyor.
MSG_STAMM_LUDWIG_DA,"Ludwig, Sepps alter Freund, sitzt am Stammtisch. Er kannte Sepp 40 Jahre.","Ludwig, Sepp's old friend, is at the regulars' table. He knew Sepp for 40 years.","Sepp'in eski dostu Ludwig müdavim masasında. Sepp'i 40 yıl tanıdı."
MSG_STAMM_ZUFRIEDEN,%s ist zufrieden (%d/%d),%s is happy (%d/%d),%s memnun (%d/%d)
MSG_STAMM_VERAERGERT,%s musste zu lange warten — und ist verärgert.,%s had to wait too long — and is annoyed.,%s çok uzun bekledi — ve kızgın.
MSG_STAMM_BELOHNUNG_ALOIS,Opa Alois erzählt überall von eurem Zelt — die Alten kommen jetzt alle (+Beliebtheit).,Grandpa Alois tells everyone about your tent — the old folks all come now (+popularity).,Alois Dede çadırınızı herkese anlatıyor — yaşlılar artık hep geliyor (+popülerlik).
MSG_STAMM_BELOHNUNG_VERONIKA,Der Trachtenverein feiert ab jetzt bei euch! Veronika zahlt die Vereinskasse ein (+250 € und Beliebtheit).,The costume club celebrates with you from now on! Veronika pays in the club funds (+250 € and popularity).,Kıyafet kulübü artık sizde kutluyor! Veronika kulüp kasasını ödüyor (+250 € ve popülerlik).
MSG_STAMM_BELOHNUNG_KATHARINA,Katharinas Video geht viral: „Das beste Zelt des Fests!“ (+viel Beliebtheit),Katharina's video goes viral: “Best tent at the fair!” (+lots of popularity),Katharina'nın videosu viral oldu: “Fuarın en iyi çadırı!” (+çok popülerlik)
MSG_STAMM_BELOHNUNG_FRANZ,Franz ist überzeugt und liefert euch 20 Portionen Zutaten gratis.,Franz is convinced and delivers 20 portions of ingredients for free.,Franz ikna oldu ve size 20 porsiyon malzemeyi bedava getiriyor.
MSG_STAMM_BELOHNUNG_GIULIA,Giulia bringt eine ganze Reisegruppe mit — Trinkgeld 400 €!,Giulia brings a whole tour group — 400 € in tips!,Giulia bütün bir tur grubunu getiriyor — 400 € bahşiş!
MSG_STAMM_BELOHNUNG_LUDWIG,"Ludwig: „Der Sepp wär stolz auf euch.“ Er legt 300 € auf den Tresen — „die hat er mir mal geliehen.“","Ludwig: “Sepp would be proud of you.” He puts 300 € on the bar — “he lent me that once.”","Ludwig: “Sepp sizinle gurur duyardı.” Tezgaha 300 € bırakıyor — “bunu bir zamanlar bana ödünç vermişti.”"
COMP_STEP,10 %,10 %,%10
COMP_ROW_BIER,"Helles, Weizen, Radler:","Helles, wheat beer, shandy:","Helles, buğday birası, radler:"
COMP_ROW_SNACK,"Brezn, Würstl:","Pretzel, sausage:","Brezel, sosis:"
COMP_ROW_FACTOR,Preis:,Price:,Fiyat:
COMP_ROW_FOOD,Essen:,Food:,Yemek:
COMP_VAL_MASS,%s je Maß,%s per mug,kupa başı %s
COMP_VAL_FACTOR,%d %% · Andrang: %d %%,%d %% · crowd: %d %%,%%%d · kalabalık: %%%d
COMP_VAL_FOOD,%s je Portion (%d %%),%s per portion (%d %%),porsiyon başı %s (%%%d)
MSG_KOTZ,Zu viel Bier — das kommt wieder hoch!,Too much beer — up it comes!,Fazla bira — hepsi geri geliyor!
EMOTE_TITEL,Emotes,Emotes,Emotlar
EMOTE_TANZEN,Tanzen,Dance,Dans
EMOTE_JUBEL,Jubel,Cheer,Tezahürat
EMOTE_SITZEN,Sitzen,Sit,Otur
EMOTE_POSEN,Posen,Pose,Poz ver
EMOTE_KOTZEN,Kotzen,Puke,Kusmak
EMOTE_WINKEN,Winken,Wave,El salla
EMOTE_HINWEIS,Maus oder Pfeiltasten zum Auswählen,Mouse or arrow keys to choose,Seçmek için fare veya ok tuşları
HINT_PACKEN,{interact} Raufbold packen,{interact} Grab the brawler,{interact} Kavgacıyı yakala
HINT_WERFEN,{interact} Werfen,{interact} Throw,{interact} Fırlat
MSG_EHRE_GEKOCHT,Küchenchef des Tages: %s (%d Portionen gekocht),Chef of the day: %s (%d portions cooked),Günün aşçıbaşısı: %s (%d porsiyon)
ZEITUNG_M_KUECHE,Aus der Küche gingen %d Portionen über die Theke.,%d portions came out of the kitchen.,Mutfaktan %d porsiyon çıktı.
ZEITUNG_M_KUECHE_LEER,Die Küche blieb kalt — kein einziges Essen ging über die Theke.,The kitchen stayed cold — not a single plate served.,Mutfak soğuk kaldı — tek bir tabak bile çıkmadı.
ZEITUNG_M_RAUSWURF,%d Gäste flogen aus dem Zelt und haben Hausverbot.,%d guests were thrown out and are banned.,%d misafir çadırdan atıldı ve yasaklandı.
ZEITUNG_M_RAUSWURF_1,Ein Gast flog aus dem Zelt und hat Hausverbot.,One guest was thrown out and is banned.,Bir misafir çadırdan atıldı ve yasaklandı.
HUD_TAG_GROSS,Tag %d,Day %d,%d. Gün
TAG_START,Das Fest öffnet,The fair opens,Festival açılıyor
COOP_JOIN_CODE,Mit Code beitreten,Join with code,Kodla katıl
PAUSE_CODE,Code: %s  (klicken zum Kopieren),Code: %s  (click to copy),Kod: %s  (kopyalamak için tıkla)
PAUSE_CODE_COPIED,Code kopiert!,Code copied!,Kod kopyalandı!
PAUSE_CODE_COPY,Code in die Zwischenablage kopieren,Copy code to clipboard,Kodu panoya kopyala
STATUS_ENTER_CODE,Gib den Code deines Freundes ein.,Enter your friend's code.,Arkadaşının kodunu gir.
NET_CODE_UNKNOWN,Kein Spiel mit diesem Code gefunden.,No game found with this code.,Bu kodla oyun bulunamadı.
SET_DISPLAY_MODE,Anzeigemodus,Display mode,Görüntü modu
SET_MODE_BORDERLESS,Vollbild (randlos),Fullscreen (borderless),Tam ekran (kenarsız)
SET_MODE_EXCLUSIVE,Vollbild (exklusiv),Fullscreen (exclusive),Tam ekran (özel)
SET_MODE_WINDOW,Fenster,Windowed,Pencere
SET_WINDOW_SIZE,Fenstergröße,Window size,Pencere boyutu
SET_MONITOR,Bildschirm,Monitor,Ekran
SET_MONITOR_N,Bildschirm %d (%d × %d),Monitor %d (%d × %d),Ekran %d (%d × %d)
SET_FPS_LIMIT,Bildrate begrenzen,Frame rate limit,Kare hızı sınırı
SET_FPS_UNLIMITED,Unbegrenzt,Unlimited,Sınırsız
SIGN_DAMEN,Damen,Ladies,Kadın
SIGN_HERREN,Herren,Gents,Erkek
SIGN_MENUE,Menü,Menu,Menü
SIGN_HELLES,Helles,Helles,Helles
SIGN_WEIZEN,Weizen,Wheat beer,Buğday birası
SIGN_RADLER,Radler,Shandy,Radler
SIGN_FESTBIER,Festbier,Festival beer,Festival birası
SIGN_BREZN,Brezn,Pretzel,Brezel
SIGN_WUERSTL,Würstl,Sausage,Sosis
SIGN_HENDL,Hendl,Chicken,Tavuk
POSTER_HELLES,🍺 Helles,🍺 Helles,🍺 Helles
POSTER_WEIZEN,🍺 Weizen,🍺 Wheat beer,🍺 Buğday birası
POSTER_RADLER,🍺 Radler,🍺 Shandy,🍺 Radler
POSTER_FESTBIER,🍺 Festbier,🍺 Festival beer,🍺 Festival birası
POSTER_ESSEN,"🥨 Brezn
🌭 Würstl
🍗 Hendl","🥨 Pretzel
🌭 Sausage
🍗 Chicken","🥨 Brezel
🌭 Sosis
🍗 Tavuk"
SIGN_HUBER_ZELT,Konrad-Zelt,Konrad-Zelt,Konrad-Zelt
SIGN_STAND,Stand,Stall,Tezgah
SPIELERLISTE_TITEL,Im Zelt (%d),In the tent (%d),Çadırda (%d)
SPIELERLISTE_ICH,DU,YOU,SEN
ZEITUNG_BILD_1,"Prost! Die Maß des Tages, gezeichnet vom Festkurier-Zeichner.","Cheers! The tankard of the day, drawn by our staff artist.","Şerefe! Günün bardağı, gazetemizin ressamından."
ZEITUNG_BILD_2,Schaum bis zum Rand: So muss eine Maß aussehen.,Foam to the brim: this is how a stein should look.,Köpük ağzına kadar: bir bira bardağı böyle olmalı.
ZEITUNG_BILD_3,"Kühl, golden, gerecht eingeschenkt — Sinnbild eines guten Festes.","Cool, golden, fairly poured — the symbol of a good fair.","Serin, altın, adilce dolduruldu — iyi bir şenliğin simgesi."
ZEITUNG_ANZEIGE_1,ANZEIGE|Frische Brezn!|Täglich knusprig bei Festleiter Horst. Nur solange der Vorrat reicht.,ADVERT|Fresh pretzels!|Crispy every day at fair manager Horst's. While stocks last.,İLAN|Taze simit!|Her gün fuar müdürü Horst'ta çıtır çıtır. Stoklarla sınırlı.
ZEITUNG_ANZEIGE_2,"ANZEIGE|Suche Aushilfe|Kellner gesucht, flinke Hände, wenig Durst. Bewerbung im Festbüro.","ADVERT|Help wanted|Waiter sought, quick hands, little thirst. Apply at the fair office.","İLAN|Eleman aranıyor|Garson aranıyor, çevik eller, az susuzluk. Başvuru fuar ofisine."
ZEITUNG_ANZEIGE_3,ANZEIGE|Verloren: Zapfhahn|Goldener Zapfhahn nahe der Blaskapelle verloren. Finder erhält eine Maß.,ADVERT|Lost: tap|Golden tap lost near the brass band. Finder gets a stein.,İLAN|Kayıp: musluk|Bando yakınında altın musluk kayboldu. Bulana bir bira.
ZEITUNG_NUMMER,Nr. %d · Festblatt,No. %d · Fair Gazette,No. %d · Şenlik Gazetesi
SPIELERLISTE_EREIGNISSE,Heute passiert,Today,Bugün olanlar
ACTION_SPIELERLISTE,Spielerliste,Player list,Oyuncu listesi
KALENDER_FORTSCHRITT,Tag %d von %d,Day %d of %d,Gün %d / %d
KALENDER_TAG,Tag %d,Day %d,Gün %d
KALENDER_HEUTE,HEUTE,TODAY,BUGÜN
KALENDER_NORMAL_TITEL,Festtag,Fair day,Fuar günü
KALENDER_NORMAL,Ein ganz normaler Festtag — kein besonderes Ereignis geplant.,A perfectly normal fair day — no special event planned.,Tamamen sıradan bir fuar günü — özel bir etkinlik yok.
KALENDER_BANK_DETAIL,Am Abend wird eine Bankrate von %s fällig.,A bank instalment of %s is due in the evening.,Akşam %s tutarında banka taksiti vadesi gelir.
CREATOR_TITLE,Dein Charakter,Your character,Karakterin
CREATOR_MALE,Männlich,Male,Erkek
CREATOR_FEMALE,Weiblich,Female,Kadın
CREATOR_FEMALE_SOON,Kommt bald,Coming soon,Yakında
CREATOR_SKIN,Haut,Skin,Cilt
CREATOR_EYES,Augen,Eyes,Gözler
CREATOR_FACE,Ausdruck,Expression,İfade
CREATOR_BEARD,Bart,Beard,Sakal
CREATOR_HAT,Hut,Hat,Şapka
CREATOR_GLASSES,Brille,Glasses,Gözlük
CREATOR_HINT,Mit der Maus die Figur drehen,Drag to rotate the character,Karakteri döndürmek için sürükle
CREATOR_RANDOM,Zufall,Random,Rastgele
CREATOR_CANCEL,Abbrechen,Cancel,İptal
CREATOR_DONE,Fertig,Done,Tamam
MENU_CHARACTER,Charakter,Character,Karakter
DESKTOP_TITLE,Festbüro-Computer,Fair office computer,Fuar ofisi bilgisayarı
DESKTOP_HINWEIS,Wähle eine App.,Choose an app.,Bir uygulama seç.
DESKTOP_STATUS,Tag %d · Konto %s,Day %d · Balance %s,Gün %d · Bakiye %s
DESKTOP_ZURUECK,‹ Zum Desktop,‹ Back to desktop,‹ Masaüstüne dön
DESKTOP_BALD,Diese App ist noch nicht freigeschaltet.,This app is not unlocked yet.,Bu uygulamanın kilidi henüz açılmadı.
DESKTOP_APP_MAIL,E-Mail,Mail,E-posta
DESKTOP_APP_SHOP,Shop,Shop,Mağaza
DESKTOP_APP_QUESTS,Quests,Quests,Görevler
DESKTOP_APP_BANK,Bank,Bank,Banka
DESKTOP_APP_PERSONAL,Personal,Staff,Personel
DESKTOP_APP_BILANZ,Bilanz,Balance sheet,Bilanço
DESKTOP_APP_BIERPREIS,Bierpreis & Ware,Beer price & goods,Bira fiyatı ve mal
DESKTOP_APP_KALENDER,Kalender,Calendar,Takvim
DESKTOP_APP_WETTER,Wetter & Amt,Weather & office,Hava ve resmi daire
DESKTOP_APP_SOCIAL,Social Media,Social media,Sosyal medya
MAIL_LEER,Keine Nachrichten.,No messages.,Mesaj yok.
MAIL_WAEHLEN,Wähle links eine Nachricht.,Pick a message on the left.,Soldan bir mesaj seç.
MAIL_ANTWORTEN,Antworten:,Reply:,Yanıtla:
MAIL_BEANTWORTET,Du hast geantwortet: %s,You replied: %s,Yanıtın: %s
MAIL_TAG,Tag %d,Day %d,Gün %d
QUESTS_KAPITEL,Kapitel %d,Chapter %d,Bölüm %d
QUESTS_HAUPT,Hauptquest,Main quest,Ana görev
QUESTS_NEBEN,Laufende Aufträge,Active jobs,Süren işler
QUESTS_ANGEBOTE,Neue Angebote,New offers,Yeni teklifler
QUESTS_LEER,Gerade keine Quests. Horst meldet sich per Mail.,No quests right now. Horst will write you.,Şu an görev yok. Horst sana e-posta atacak.
QUESTS_FRIST,Noch %d Tage,%d days left,%d gün kaldı
QUESTS_ANNEHMEN,Annehmen,Accept,Kabul et
QUESTS_ABLEHNEN,Ablehnen,Decline,Reddet
QUESTS_VOLL,Du hast schon genug Aufträge.,You already have enough jobs.,Zaten yeterince işin var.
QUESTS_ERLEDIGT,%d erledigt,%d done,%d tamamlandı
QUESTS_QUEST,Quest,Quest,Görev
ABSENDER_HORST,Festleiter Horst,Fair manager Horst,Fuar müdürü Horst
ABSENDER_KONRAD,Konrad,Konrad,Konrad
ABSENDER_SCHNEIDER,Herr Schneider (Bank),Mr. Schneider (bank),Bay Schneider (banka)
ABSENDER_WAGNER,Frau Wagner (Amt),Ms. Wagner (office),Bayan Wagner (daire)
ABSENDER_MAIER,Dieter Maier (Brauerei),Dieter Maier (brewery),Dieter Maier (bira fabrikası)
ABSENDER_GERHARD,Gerhard (Bräumeister),Gerhard (brewmaster),Gerhard (bira ustası)
ABSENDER_STEFAN,Stefan (Kellner),Stefan (waiter),Stefan (garson)
ABSENDER_SABINE,Sabine (Zapferin),Sabine (tapster),Sabine (fıçıcı)
ABSENDER_WETTERDIENST,Wetterdienst,Weather service,Hava durumu servisi
ABSENDER_SYSTEM,Computer,Computer,Bilgisayar
MAIL_M1_01_BETREFF,Willkommen im Geschäft,Welcome to the business,İşe hoş geldin
MAIL_M1_01_TEXT_DU,"Servus,

das war schon mal ein sauberer Anfang. Jetzt brauchst du Tische und Bier. Geh in den Shop und kauf dir zwei Tische (je 200 €) und ein Paket Bier. Ein Paket reicht für zehn Maß. Wenn mehr Gäste kommen, bestell gleich mehrere.

Prost,
Horst","Hi,

that was a clean start. Now you need tables and beer. Go to the shop and buy two tables (€200 each) and one pack of beer. One pack is enough for ten mugs. If more guests come, order several at once.

Cheers,
Horst","Selam,

temiz bir başlangıç oldu. Şimdi masalara ve biraya ihtiyacın var. Mağazaya git, iki masa (her biri 200 €) ve bir paket bira al. Bir paket on bardağa yeter. Daha çok misafir gelirse hemen birkaç paket sipariş et.

Şerefe,
Horst"
MAIL_M1_01_TEXT_IHR,"Servus,

das war schon mal ein sauberer Anfang. Jetzt braucht ihr Tische und Bier. Geht in den Shop und kauft zwei Tische (je 200 €) und ein Paket Bier. Ein Paket reicht für zehn Maß. Wenn mehr Gäste kommen, bestellt gleich mehrere.

Prost,
Horst","Hi,

that was a clean start. Now you need tables and beer. Go to the shop and buy two tables (€200 each) and one pack of beer. One pack is enough for ten mugs. If more guests come, order several at once.

Cheers,
Horst","Selam,

temiz bir başlangıç oldu. Şimdi masalara ve biraya ihtiyacınız var. Mağazaya gidin, iki masa (her biri 200 €) ve bir paket bira alın. Bir paket on bardağa yeter. Daha çok misafir gelirse hemen birkaç paket sipariş edin.

Şerefe,
Horst"
MAIL_M1_02_BETREFF,Na?,Well?,Eee?
MAIL_M1_02_TEXT_DU,"Ah, Sepps Patenkind. Ich geb dir zwei Wochen, dann kauf ich dir das Zelt ab.
– K.","Ah, Sepp's godchild. I give you two weeks, then I'll buy the tent from you.
– K.","Ah, Sepp'in vaftiz çocuğu. Sana iki hafta veriyorum, sonra çadırı senden satın alırım.
– K."
MAIL_M1_02_TEXT_IHR,"Ah, Sepps Erben. Ich geb euch zwei Wochen, dann kauf ich euch das Zelt ab.
– K.","Ah, Sepp's heirs. I give you two weeks, then I'll buy the tent from you.
– K.","Ah, Sepp'in mirasçıları. Size iki hafta veriyorum, sonra çadırı sizden satın alırım.
– K."
MAIL_M1_03_BETREFF,Gut gemacht,Well done,Aferin
MAIL_M1_03_TEXT_DU,"Das war ein guter erster Tag. Der Sepp wäre stolz. Morgen schick ich dir die nächsten Aufträge. Schlaf gut.

Prost,
Horst","That was a good first day. Sepp would be proud. Tomorrow I'll send you the next jobs. Sleep well.

Cheers,
Horst","İyi bir ilk gündü. Sepp gurur duyardı. Yarın sana yeni işleri gönderirim. İyi uykular.

Şerefe,
Horst"
MAIL_M1_03_TEXT_IHR,"Das war ein guter erster Tag. Der Sepp wäre stolz. Morgen schick ich euch die nächsten Aufträge. Schlaft gut.

Prost,
Horst","That was a good first day. Sepp would be proud. Tomorrow I'll send you the next jobs. Sleep well.

Cheers,
Horst","İyi bir ilk gündü. Sepp gurur duyardı. Yarın size yeni işleri gönderirim. İyi uykular.

Şerefe,
Horst"
MAIL_M2_01_BETREFF,Du kannst nicht alles allein machen,You can't do everything alone,Her şeyi tek başına yapamazsın
MAIL_M2_01_TEXT_DU,"Servus,

der erste Tag war ein Anfang. Aber allein hältst du das keine Woche durch, glaub mir. Stell dir einen Kellner ein. Du findest ihn auf dem Computer unter Personal.

Prost,
Horst","Hi,

the first day was a start. But you won't last a week alone, believe me. Hire a waiter. You'll find them on the computer under Staff.

Cheers,
Horst","Selam,

ilk gün bir başlangıçtı. Ama tek başına bir hafta dayanamazsın, inan bana. Bir garson işe al. Bilgisayarda Personel bölümünde bulursun.

Şerefe,
Horst"
MAIL_M2_01_TEXT_IHR,"Servus,

der erste Tag war ein Anfang. Aber allein haltet ihr das keine Woche durch, glaubt mir. Stellt einen Kellner ein. Ihr findet ihn auf dem Computer unter Personal.

Prost,
Horst","Hi,

the first day was a start. But you won't last a week alone, believe me. Hire a waiter. You'll find them on the computer under Staff.

Cheers,
Horst","Selam,

ilk gün bir başlangıçtı. Ama tek başınıza bir hafta dayanamazsınız, inanın bana. Bir garson işe alın. Bilgisayarda Personel bölümünde bulursunuz.

Şerefe,
Horst"
MAIL_M_VERFALLEN_BETREFF,Zu spät,Too late,Çok geç
MAIL_M_VERFALLEN_TEXT_DU,"Zu spät, der Konrad hat es schon erledigt. Auch wenn ich dich mag: Manche Dinge haben Priorität.

Horst","Too late, Konrad already took care of it. Even though I like you: some things take priority.

Horst","Çok geç, Konrad bunu çoktan halletti. Seni sevsem de: bazı şeylerin önceliği var.

Horst"
MAIL_M_VERFALLEN_TEXT_IHR,"Zu spät, der Konrad hat es schon erledigt. Auch wenn ich euch mag: Manche Dinge haben Priorität.

Horst","Too late, Konrad already took care of it. Even though I like you: some things take priority.

Horst","Çok geç, Konrad bunu çoktan halletti. Sizi sevsem de: bazı şeylerin önceliği var.

Horst"
DESKTOP_START,Prost,Cheers,Şerefe
DESKTOP_STARTMENUE,Sloptoberfest,Sloptoberfest,Sloptoberfest
DESKTOP_AUSSCHALTEN,Computer verlassen,Leave computer,Bilgisayardan ayrıl
DESKTOP_TAG,Tag,Day,Gün
BANK_NAME,Festbank,Fest Bank,Fest Bankası
BANK_KONTO,Festkonto,Fair account,Fuar hesabı
BANK_KONTOSTAND,Kontostand,Balance,Bakiye
BANK_LETZTER_TAG,Letzte Abrechnung: %s,Last settlement: %s,Son hesap: %s
BANK_KREDIT,Rettungskredit,Emergency loan,Kurtarma kredisi
BANK_KREDIT_KEINER,Kein Kredit,No loan,Kredi yok
BANK_KREDIT_INFO,"Alles im grünen Bereich. Wer pleitegeht, bekommt Hilfe von der Brauerei.","All good. If you go broke, the brewery will help out.",Her şey yolunda. İflas edersen bira fabrikası yardım eder.
BANK_KREDIT_OFFEN,"%d %% jeder Einnahme gehen an die Brauerei, bis der Kredit getilgt ist. Ausbauten sind solange gesperrt.",%d %% of every income goes to the brewery until the loan is repaid. Upgrades are locked until then.,Kredi ödenene kadar her gelirin %%%d'i bira fabrikasına gider. O zamana kadar yatırımlar kilitli.
BANK_AUSZUG,Kontoauszug,Statement,Hesap özeti
BANK_TAG_KOPF,Tag,Day,Gün
BANK_TAG,Tag %d,Day %d,Gün %d
BANK_EINNAHMEN,Einnahmen,Income,Gelir
BANK_AUSGABEN,Ausgaben,Expenses,Gider
BANK_ERGEBNIS,Ergebnis,Result,Sonuç
BANK_LEER,Noch keine Buchungen. Nach dem ersten Feierabend steht hier die Tagesabrechnung.,No transactions yet. After the first closing time the daily settlement appears here.,Henüz işlem yok. İlk kapanıştan sonra günlük hesap burada görünür.
BANK_DIAGRAMM,Ergebnis je Tag,Result per day,Günlük sonuç
MAIL_SUB,Posteingang,Inbox,Gelen kutusu
QUESTS_SUB,Aufträge und Ziele,Jobs and goals,İşler ve hedefler
SHOP_SUB,"Zelt, Lizenzen und Ausbauten","Tent, licences and upgrades","Çadır, lisanslar ve geliştirmeler"
PERSONAL_SUB,Mitarbeiter und Künstler,Staff and acts,Çalışanlar ve sanatçılar
BILANZ_SUB,"Zahlen, Ziele und Tipps","Numbers, goals and tips","Rakamlar, hedefler ve ipuçları"
BIERPREIS_SUB,"Preise, Ware und Keller","Prices, goods and cellar","Fiyatlar, mal ve kiler"
WETTER_SUB,Wetterdienst und Gewerbeamt,Weather service and trade office,Hava durumu ve ticaret dairesi
WETTER_HEUTE,Heute,Today,Bugün
WETTER_TAG,Tag %d,Day %d,Gün %d
WETTER_TEMP,%d °C,%d °C,%d °C
WETTER_SONNE,Sonnig,Sunny,Güneşli
WETTER_WOLKIG,Wolkig,Cloudy,Bulutlu
WETTER_REGEN,Regen,Rain,Yağmurlu
WETTER_NORMAL,Kein besonderes Ereignis,Nothing special planned,Özel bir olay yok
WETTER_VORHERSAGE,Vorhersage,Forecast,Tahmin
AMT_TITEL,Amt: Genehmigungen,Office: permits,Daire: izinler
AMT_ZELT,Zelt angemeldet,Tent registered,Çadır kayıtlı
AMT_TOILETTE,Toiletten (Hygieneauflage),Toilets (hygiene rule),Tuvalet (hijyen şartı)
AMT_LIZENZEN,Ausschanklizenzen,Serving licences,Servis lisansları
AMT_OK,In Ordnung,All good,Tamam
AMT_FEHLT,Fehlt,Missing,Eksik
AMT_LIZ_STAND,%d von %d,%d of %d,%d / %d
AMT_KONTROLLE,Frau Wagner vom Amt hat sich angekündigt: Hygienekontrolle an Tag %d. Das Zelt muss sauber sein!,Mrs. Wagner from the office has announced a hygiene inspection on day %d. Keep the tent clean!,Daireden Bayan Wagner %d. gün hijyen kontrolü duyurdu. Çadır temiz olmalı!
SOCIAL_SUB,Dein Zelt im Netz,Your tent online,Çadırın internette
SOCIAL_ZELT_OHNE,Dein Zelt,Your tent,Senin çadırın
SOCIAL_BEWERTUNG,Bewertung,Rating,Puan
SOCIAL_BELIEBTHEIT,Beliebtheit,Popularity,Popülerlik
SOCIAL_BEITRAEGE,Beiträge der Gäste,Guest posts,Misafir yorumları
SOCIAL_LEER,Noch keine Beiträge. Nach dem ersten Festtag melden sich die Gäste.,No posts yet. After the first fair day your guests will chime in.,Henüz yorum yok. İlk fuar gününden sonra misafirler yazacak.
SOCIAL_GUT_1,"Kaltes Bier, flinke Bedienung und gute Stimmung. Wir kommen wieder!","Cold beer, quick service and a great mood. We'll be back!","Soğuk bira, hızlı servis ve harika bir ortam. Tekrar geleceğiz!"
SOCIAL_GUT_2,"Bestes Zelt weit und breit. Das Bier schmeckt, die Leute sind nett.",Best tent around. The beer is good and the people are nice.,"Çevredeki en iyi çadır. Bira lezzetli, insanlar çok nazik."
SOCIAL_GUT_3,"Prost! Der Abend war hervorragend, nur der Platz am Tisch wurde knapp.","Cheers! The evening was great, only the table got a bit crowded.","Şerefe! Akşam harikaydı, sadece masada yer biraz daraldı."
SOCIAL_MITTEL_1,"Ganz ordentlich. Das Bier war okay, ein bisschen mehr Tempo wäre schön.","Quite decent. The beer was fine, a bit more speed would be nice.","Fena değil. Bira idare eder, biraz daha hız iyi olurdu."
SOCIAL_MITTEL_2,"Nettes Zelt, aber es ging nicht alles glatt. Mit Luft nach oben.","Nice tent, but not everything went smoothly. Room to improve.",Güzel çadır ama her şey yolunda gitmedi. Gelişmeye açık.
SOCIAL_MITTEL_3,Passt schon. Für einen Abend mit Freunden reicht es.,Good enough. Fine for an evening with friends.,İdare eder. Arkadaşlarla bir akşam için yeterli.
SOCIAL_WARTEN_1,"Eine Ewigkeit auf das Bier gewartet. Schade, die Stimmung war gut.","Waited forever for the beer. Too bad, the mood was good.","Bira için çok bekledik. Yazık, ortam güzeldi."
SOCIAL_WARTEN_2,"Wir saßen ewig durstig am Tisch. Mehr Personal, bitte!","We sat thirsty at the table for ages. More staff, please!",Masada uzun süre susuz oturduk. Daha fazla personel lütfen!
SOCIAL_WARTEN_3,"Lange Wartezeit, der Kellner war überfordert.","Long wait, the waiter was overwhelmed.","Uzun bekleme, garson yetişemedi."
SOCIAL_DRECK_1,Der Boden war nicht gerade sauber. Da hilft ein Besen.,The floor wasn't exactly clean. A broom would help.,Zemin pek temiz değildi. Bir süpürge işe yarar.
SOCIAL_DRECK_2,"Pfützen unterm Tisch, da vergeht einem der Durst.","Puddles under the table, that kills the thirst.","Masanın altında su birikintileri, susuzluk kaçıyor."
SOCIAL_DRECK_3,Das Zelt könnte dringend geputzt werden.,The tent badly needs cleaning.,Çadırın acilen temizlenmesi gerekiyor.
SOCIAL_BESCHWERDEN_1,Hier läuft einiges schief. Bei so viel Ärger macht Feiern keinen Spaß.,A lot is going wrong here. Partying is no fun with so much trouble.,Burada bir sürü şey ters gidiyor. Bu kadar sorunla eğlence olmaz.
SOCIAL_BESCHWERDEN_2,"Schlechte Laune am Tisch, so haben wir uns das nicht vorgestellt.","Bad mood at the table, that's not what we expected.","Masada keyifler kaçtı, böyle düşünmemiştik."
SOCIAL_BESCHWERDEN_3,Leider enttäuschend. Das muss besser werden!,Sadly disappointing. This has to get better!,Maalesef hayal kırıklığı. Bunun düzelmesi lazım!
KALENDER_SUB,Festtage und Termine,Fair days and dates,Fuar günleri ve tarihler
WORLD_LAPTOP,"Laptop
({interact}: Zuhause)","Laptop
({interact}: home)","Dizüstü
({interact}: ev)"
HINT_LAPTOP,{interact} Laptop,{interact} Laptop,{interact} Dizüstü bilgisayar
WORLD_BETT,"Bett
({interact}: schlafen)","Bed
({interact}: sleep)","Yatak
({interact}: uyu)"
WORLD_WAGEN_AUSGANG,"Ausgang
({interact}: nach draußen)","Exit
({interact}: go outside)","Çıkış
({interact}: dışarı çık)"
HINT_WAGEN_RAUS,{interact} Wohnwagen verlassen,{interact} Leave caravan,{interact} Karavandan çık
HINT_WAGEN_REIN,{interact} Wohnwagen betreten,{interact} Enter caravan,{interact} Karavana gir
MSG_KAPITEL_FERTIG,Kapitel abgeschlossen: %s,Chapter completed: %s,Bölüm tamamlandı: %s
KAPITEL_1_NAME,Das Erbe,The Inheritance,Miras
KAPITEL_2_NAME,Das Zelt läuft,The Tent Is Running,Çadır Çalışıyor
KAPITEL_3_NAME,Konrads Spiele,Konrad's Games,Konrad'ın Oyunları
KAPITEL_4_NAME,Das eigene Bier,Our Own Beer,Kendi Birammız
KAPITEL_5_NAME,Das große Zelt,The Big Tent,Büyük Çadır
INTRO_TITEL,Sloptoberfest,Sloptoberfest,Sloptoberfest
INTRO_UNTER,Das größte Bierfest der Welt. Und du bist gerade angekommen.,The biggest beer festival in the world. And you have just arrived.,Dünyanın en büyük bira festivali. Ve sen yeni geldin.
INTRO_UNTER_IHR,Das größte Bierfest der Welt. Und ihr seid gerade angekommen.,The biggest beer festival in the world. And you have just arrived.,Dünyanın en büyük bira festivali. Ve siz yeni geldiniz.
INTRO_SKIP,Klick: überspringen,Click: skip,Tıkla: atla
CHEF_1B_DU,"Ich bin der Horst, Festleiter hier auf dem Sloptoberfest. Der Sepp war mein ältester Freund.","I am Horst, fair manager here at the Sloptoberfest. Sepp was my oldest friend.","Ben Horst, burada Sloptoberfest'in fuar müdürüyüm. Sepp benim en eski dostumdu."
CHEF_1B_IHR,"Ich bin der Horst, Festleiter hier auf dem Sloptoberfest. Der Sepp war mein ältester Freund.","I am Horst, fair manager here at the Sloptoberfest. Sepp was my oldest friend.","Ben Horst, burada Sloptoberfest'in fuar müdürüyüm. Sepp benim en eski dostumdu."
CHEF_UEBERGABE_DU,"Der hier ist für dich. Er hat ihn mir gegeben, bevor … na ja. Lies ihn in Ruhe.",This one is for you. He gave it to me before … well. Read it in peace.,"Bu senin için. Bana vermişti, şeyden önce … neyse. Rahatça oku."
CHEF_UEBERGABE_IHR,"Der hier ist für euch. Er hat ihn mir gegeben, bevor … na ja. Lest ihn in Ruhe.",This one is for you. He gave it to me before … well. Read it in peace.,"Bu sizin için. Bana vermişti, şeyden önce … neyse. Rahatça okuyun."
HINT_DESKTOP_1,Hier findest du alle Apps. Klick auf E-Mail.,Here you find all apps. Click on Mail.,Tüm uygulamalar burada. E-postaya tıkla.
HINT_PFUETZE_1,"Pfützen und Dreck wischst du mit E gedrückt halten auf, sonst sinkt die Sauberkeit.","Hold E to wipe up puddles and dirt, or cleanliness drops.","Su birikintilerini ve kiri E'ye basılı tutarak sil, yoksa temizlik düşer."
HINT_BLASE_1,"Die Blase über dem Gast zeigt, was er bestellt hat.",The bubble above the guest shows what they ordered.,Misafirin üstündeki balon ne sipariş ettiğini gösterir.
HINT_PERSONAL_APP,"In der Personal-App stellst du Leute ein und siehst, wie es ihnen geht.",In the staff app you hire people and see how they are doing.,Personel uygulamasında insan işe alır ve durumlarını görürsün.
BANK_SCHULDEN,Sepps Schulden bei der Bank,Sepp's debt at the bank,Sepp'in bankadaki borcu
BANK_ALLES,Alles zahlen,Pay all,Hepsini öde
MSG_SCHULDEN_BEZAHLT,"%s an die Bank gezahlt, noch %s Schulden","%s paid to the bank, %s debt left","Bankaya %s ödendi, %s borç kaldı"
MSG_SCHULDEN_ZU_WENIG,"Zu wenig Geld, um %s abzuzahlen",Not enough money to pay %s,%s ödemek için yeterli para yok
Q_1_0_TITLE,Sprich mit Festleiter Horst,Talk to fair manager Horst,Fuar müdürü Horst'la konuş
Q_1_0_TEXT,"Festleiter Horst wartet vor seinem Festbüro im Osten der Kirmes. Hör dir an, was er zu Sepps Zelt sagt.",Fair manager Horst is waiting outside his fair office in the east of the fair. Hear what he has to say about Sepp's tent.,Fuar müdürü Horst fuarın doğusundaki ofisinin önünde bekliyor. Sepp'in çadırı hakkında ne dediğini dinle.
Q_1_1_TITLE,Übernimm Sepps Zelt,Take over Sepp's tent,Sepp'in çadırını devral
Q_1_1_TEXT,"Folge Festleiter Horst zum Festzelt. Am Eingang steht das rote Schild — dort mit {interact} unterschreiben und dem Zelt einen Namen geben (500 € Gebühr, die ersten 5 Tage ohne Miete).","Follow fair manager Horst to the beer tent. The red board is at the entrance — sign there with {interact} and name the tent (500 € fee, the first 5 days rent-free).","Fuar müdürü Horst'u bira çadırına kadar takip et. Girişte kırmızı tabela var — orada {interact} ile imzala ve çadıra bir isim ver (500 € ücret, ilk 5 gün kira yok)."
Q_1_2_TITLE,Putze das Zelt,Clean the tent,Çadırı temizle
Q_1_2_TEXT,"Zieh die Planen ab, fege den Dreck zusammen (je {interact} halten) und wirf die Müllsäcke in die Mülltonne links neben der Zelttür. Danach ab ins Festbüro.","Pull off the covers, sweep up the dirt (hold {interact} for each) and throw the rubbish bags into the bin left of the tent door. Then off to the fair office.","Örtüleri çek, pislikleri süpür (her biri için {interact} basılı tut) ve çöp torbalarını çadır kapısının solundaki çöp kutusuna at. Sonra fuar ofisine git."
Q_1_3_TITLE,Stelle 2 Tische auf,Set up 2 tables,2 masa kur
Q_1_3_TEXT,Festbüro (im Osten) Zelt Tisch aufstellen (200 € pro Tisch).,Fair Office (in the east) Tent Place table (€200 each).,Fuar Ofisi (doğuda) Çadır Masa koy (masa başı 200 €).
Q_1_4_TITLE,Bestelle Bier,Order beer,Bira sipariş et
Q_1_4_TEXT,"Ohne Bier kann niemand bedient werden. Im Festbüro Reiter Ware ein Paket Bier bestellen: Ein Paket reicht für 10 Maß. Kommen später mehr Gäste, bestell gleich mehrere.","Nobody can be served without beer. In the Fair Office Supplies tab, order a package of beer: one package fills 10 mugs. When more guests come later, order several at once.",Bira olmadan kimseye servis yapılamaz. Fuar Ofisi Malzeme sekmesinden bir paket bira sipariş et: Bir paket 10 kupa eder. Sonra daha çok misafir gelince birkaç paket birden al.
Q_1_5_TITLE,Warte auf den Lieferwagen,Wait for the delivery van,Teslimat aracını bekle
Q_1_5_TEXT,"Deine Bestellung ist unterwegs. In etwa 30 Sekunden fährt der Lieferwagen vor, hupt und lädt die Pakete ab. Der Pfeil zeigt schon das Lagerregal im Zelt, wo sie hingehören.","Your order is on its way. In about 30 seconds the delivery van pulls up, honks and unloads the packages. The arrow already shows the storage shelf in the tent where they belong.","Siparişin yolda. Yaklaşık 30 saniye içinde teslimat aracı gelir, korna çalar ve paketleri indirir. Ekrandaki ok, paketlerin koyulacağı çadırdaki depo rafını şimdiden gösteriyor."
Q_1_6_TITLE,Pakete ins Regal räumen,Stock the shelf,Paketleri rafa diz
Q_1_6_TEXT,"Nimm jedes Paket mit {interact}, trag es ins Zelt zum Lagerregal und räume es dort mit {interact} ein. Erst eingeräumtes Bier kann gezapft werden.","Pick up each package with {interact}, carry it into the tent to the storage shelf and stock it there with {interact}. Only stocked beer can be poured.","Her paketi {interact} ile al, çadırdaki depo rafına taşı ve orada {interact} ile yerleştir. Sadece rafa konan bira doldurulabilir."
Q_1_7_TITLE,Schlafe im Wohnwagen,Sleep in your caravan,Karavanında uyu
Q_1_7_TEXT,"Dein Wohnwagen steht in der Gasse im Süden. Schlafen startet den Tag um 07:00, die ersten Gäste kommen nach ein bis zwei Minuten durchs Haupttor.",Your caravan is in the lane to the south. Sleeping starts the day at 7:00; the first guests come through the main gate after a minute or two.,"Karavanın güneydeki sokakta. Uyumak günü 07:00'de başlatır, ilk misafirler bir iki dakika sonra ana kapıdan gelir."
Q_1_8_TITLE,Bediene einen Gast,Serve a guest,Bir misafire servis yap
Q_1_8_TEXT,"Krug nehmen, am Fass {interact} gedrückt halten, dann zum Gast und {interact}.","Grab a mug, hold {interact} at a keg, then go to a guest and press {interact}.","Bir kupa al, fıçıda {interact} tuşunu basılı tut, sonra misafire gidip {interact} bas."
Q_1_9_TITLE,Halte bis 22:00 durch,Keep going until 22:00,22:00'ye kadar dayan
Q_1_9_TEXT,"Gäste schleppen Dreck ins Zelt: wisch die Fußspuren regelmäßig weg ({interact} halten), sonst sinkt die Sauberkeit. Danach kommt die Tagesbilanz.",Guests drag dirt into the tent: wipe up the footprints regularly (hold {interact}) or cleanliness drops. Then you get the daily report.,"Misafirler çadıra pislik taşır: ayak izlerini düzenli sil ({interact} basılı tut), yoksa temizlik düşer. Ardından günlük bilanço gelir."
Q_2_1_TITLE,Hilfe muss her,Help wanted,Yardım lazım
Q_2_1_TEXT,Allein schaffst du das nicht. Stell am Computer unter Personal einen Kellner ein. Er bedient die Gäste für dich.,You cannot do this alone. Hire a waiter on the computer under Staff. He serves the guests for you.,Bunu tek başına yapamazsın. Bilgisayarda Personel bölümünden bir garson işe al. Misafirlere o servis yapar.
Q_2_2_TITLE,Mehr auf der Karte,More on the menu,Menüde daha fazlası
Q_2_2_TEXT,"Mehr Auswahl bringt mehr Umsatz. Kauf im Shop eine Lizenz, zum Beispiel Weizen.","More choice brings more sales. Buy a licence in the shop, for example wheat beer.","Daha çok seçenek daha çok satış getirir. Mağazadan bir lisans al, örneğin buğday birası."
Q_2_3_TITLE,Das stille Örtchen,The quiet little room,Sessiz köşe
Q_2_3_TEXT,"Ohne Klo pinkeln die Gäste in die Ecke, und das riecht man. Bau im Shop eine Toilette ein.","Without a toilet the guests pee in the corner, and you can smell it. Build a toilet in the shop.",Tuvalet yoksa misafirler köşeye işer ve kokusu çıkar. Mağazadan bir tuvalet kur.
Q_2_4_TITLE,Musik!,Music!,Müzik!
Q_2_4_TEXT,Musik lockt mehr Gäste an. Buch im Shop einen Künstler. Eine Blaskapelle zieht die Leute an wie Honig.,Music attracts more guests. Book an act in the shop. A brass band draws people like honey.,Müzik daha çok misafir çeker. Mağazadan bir sanatçı tut. Bir bando insanları bal gibi çeker.
Q_2_5_TITLE,Die erste Rate,The first instalment,İlk taksit
Q_2_5_TEXT,Sepps Schulden drücken. Zahle am Computer unter Bank die ersten 1.500 € zurück.,"Sepp's debts weigh heavily. Pay back the first €1,500 on the computer under Bank.",Sepp'in borçları ağır basıyor. Bilgisayarda Banka bölümünden ilk 1.500 €'yu öde.
Q_2_6_TITLE,Mehr Platz,More space,Daha fazla yer
Q_2_6_TEXT,"Dein Zelt ist noch klein. Bau im Shop auf die mittlere Größe aus. Mehr Tische, mehr Gäste, mehr Umsatz.","Your tent is still small. Expand it to medium size in the shop. More tables, more guests, more sales.","Çadırın hâlâ küçük. Mağazadan orta boya genişlet. Daha çok masa, daha çok misafir, daha çok satış."
Q_N-2-1_TITLE,Der Andrang,The rush,Yoğunluk
Q_N-2-1_TEXT,Heute soll es voll werden. Bediene an einem Tag 30 Gäste.,Today it should get busy. Serve 30 guests in one day.,Bugün kalabalık olacak. Bir günde 30 misafire servis yap.
Q_N-2-2_TITLE,Sauber bleiben,Staying clean,Temiz kal
Q_N-2-2_TEXT,"Ein Tag ohne eine einzige Pfütze im Zelt. Die Gäste schauen auf den Boden, bevor sie aufs Bier schauen.",One day without a single puddle in the tent. Guests look at the floor before they look at the beer.,Çadırda tek bir su birikintisi olmayan bir gün. Misafirler biraya bakmadan önce zemine bakar.
Q_N-2-5_TITLE,Der Hit des Tages,The hit of the day,Günün hiti
Q_N-2-5_TEXT,Schenke an einem Tag 25 Weizen aus.,Pour 25 wheat beers in one day.,Bir günde 25 buğday birası servis et.
MAIL_M2_02_BETREFF,Der erste Mitarbeiter,The first employee,İlk çalışan
MAIL_M2_02_TEXT,"Gut gemacht. Ein guter Kellner ist Gold wert, ein schlechter ein Loch im Geldbeutel. Beobachte ihn die ersten Tage.
Als Nächstes: Die Gäste wollen mehr als nur ein Helles. Kauf eine Lizenz.

Horst","Well done. A good waiter is worth his weight in gold, a bad one a hole in your wallet. Keep an eye on him for the first few days.
Next: guests want more than just a lager. Buy a licence.

Horst","Aferin. İyi bir garson altın değerindedir, kötüsü cüzdanda delik. İlk günlerde onu izle.
Sıradaki: Misafirler sadece bir Helles istemez. Bir lisans al.

Horst"
MAIL_M2_03_BETREFF,Das Klo,The toilet,Tuvalet
MAIL_M2_03_TEXT,"Eine saubere Toilette hat schon manches Fest gerettet. Und manches ruiniert. Und noch was: Die Gäste wollen Musik.

Horst","A clean toilet has saved many a fair. And ruined some. One more thing: the guests want music.

Horst","Temiz bir tuvalet birçok fuarı kurtardı. Birkaçını da batırdı. Bir şey daha: Misafirler müzik istiyor.

Horst"
MAIL_M2_04_BETREFF,Die Schulden von Herrn Sepp,Mr. Sepp's debts,Bay Sepp'in borçları
MAIL_M2_04_TEXT,"Sehr geehrte Herren und Damen,

zum aktuellen Stand sind noch Verbindlichkeiten offen. Eine Rückzahlung ist jederzeit über die Bank-App möglich. Wir bitten um zeitnahe Beachtung.

Mit freundlichen Grüßen
Schneider, Kundenberatung","Dear Sir or Madam,

there are still liabilities outstanding. Repayment is possible at any time via the bank app. We ask for your prompt attention.

Kind regards
Schneider, customer service","Sayın yetkililer,

hâlâ ödenmemiş yükümlülükler bulunmaktadır. Geri ödeme her zaman banka uygulamasından yapılabilir. Yakın zamanda ilginizi rica ederiz.

Saygılarımızla
Schneider, müşteri hizmetleri"
MAIL_M2_05_BETREFF,Pass auf dich auf,Watch your back,Kendine dikkat et
MAIL_M2_05_TEXT,"Ich hab ein ungutes Gefühl. Der Konrad war heute Nachmittag verdächtig freundlich.
Halt die Augen offen. Morgen reden wir.

Horst","I have a bad feeling. Konrad was suspiciously friendly this afternoon.
Keep your eyes open. We will talk tomorrow.

Horst","İçimde kötü bir his var. Konrad bu öğleden sonra şüpheli derecede cana yakındı.
Gözlerini açık tut. Yarın konuşuruz.

Horst"
MAIL_M2_06_BETREFF,Ein Angebot,An offer,Bir teklif
MAIL_M2_06_TEXT,"Wie läuft's, Sepps Patenkind? Ich zahle dir 2.000 € fürs Zelt. Freundschaftspreis.
Überleg's dir, bevor es dich was kostet. – K.","How is it going, Sepp's godchild? I will pay you €2,000 for the tent. Friendly price.
Think it over before it costs you. – K.","Nasıl gidiyor, Sepp'in vaftiz çocuğu? Çadır için sana 2.000 € veririm. Dostluk fiyatı.
Sana pahalıya patlamadan düşün. – K."
MAIL_M2_06_A1,"Nein, danke.","No, thanks.","Hayır, teşekkürler."
MAIL_M2_06_A2,Ich denk drüber nach.,I will think about it.,Düşüneceğim.
MAIL_M2_06_A3,Vergiss es.,Forget it.,Boş ver.
MAIL_M2_07_BETREFF,Respekt?,Respect?,Saygı?
MAIL_M2_07_TEXT,"Die erste Rate bezahlt? Na schau an. Das hätte ich dir nicht zugetraut.
Aber vergiss nicht: Das Fest ist lang. – K.","First instalment paid? Well, look at that. I would not have thought you could.
But do not forget: the fair is long. – K.","İlk taksiti ödedin mi? Bak sen. Bunu sana yakıştıramazdım.
Ama unutma: Fuar uzun. – K."
MAIL_M2_08_BETREFF,Mich hat's erwischt,I caught something,Hastalandım
MAIL_M2_08_TEXT,"Hallo Chef, mich hat's erwischt: Fieber und Kopfweh, ich kann heute nicht arbeiten. Tut mir wirklich leid!","Hello boss, I caught something: fever and a headache, I cannot work today. I am really sorry!","Merhaba patron, hastalandım: ateş ve baş ağrısı, bugün çalışamam. Gerçekten çok üzgünüm!"
MAIL_M2_08_A1,"Gute Besserung, bleib im Bett.","Get well soon, stay in bed.","Geçmiş olsun, yatakta kal."
MAIL_M2_08_A2,"Bitte komm trotzdem, wir brauchen dich.","Please come anyway, we need you.","Lütfen yine de gel, sana ihtiyacımız var."
MAIL_M2_13_BETREFF,Der Andrang,The rush,Yoğunluk
MAIL_M2_13_TEXT,"Heute soll es voll werden. Schaffst du 30 Gäste, spendier ich dir was.

Horst","Today it should get busy. If you manage 30 guests, I will treat you.

Horst","Bugün kalabalık olacak. 30 misafire yetişirsen sana bir şey ısmarlarım.

Horst"
MAIL_M2_13_A1,"Gern, mach ich.","Gladly, I will.",Memnuniyetle.
MAIL_M2_13_A2,Heute nicht.,Not today.,Bugün olmaz.
MAIL_M2_14_BETREFF,Sauber bleiben,Staying clean,Temiz kal
MAIL_M2_14_TEXT,"Die Gäste schauen auf den Boden, bevor sie aufs Bier schauen. Schaffst du einen Tag ohne eine einzige Pfütze?

Horst","Guests look at the floor before they look at the beer. Can you manage a day without a single puddle?

Horst","Misafirler biraya bakmadan önce zemine bakar. Tek bir su birikintisi olmayan bir gün başarabilir misin?

Horst"
MAIL_M2_14_A1,"Gern, mach ich.","Gladly, I will.",Memnuniyetle.
MAIL_M2_14_A2,Heute nicht.,Not today.,Bugün olmaz.
MAIL_M2_16_BETREFF,Der Hit des Tages,The hit of the day,Günün hiti
MAIL_M2_16_TEXT,"Weizen geht immer. Schenk heute 25 Stück davon aus, dann leg ich was drauf.

Horst","Wheat beer always works. Pour 25 of them today and I will add something.

Horst","Buğday birası her zaman gider. Bugün 25 tane servis et, ben de bir şey eklerim.

Horst"
MAIL_M2_16_A1,"Gern, mach ich.","Gladly, I will.",Memnuniyetle.
MAIL_M2_16_A2,Heute nicht.,Not today.,Bugün olmaz.
Q_G-1_TITLE,Der Spanner,The peeper,Röntgenci
Q_G-1_TEXT,"Auf der Kirmes treibt sich ein Kerl mit Sonnenbrille und Cap herum und schaut den Leuten zu lange hinterher. Such ihn zwischen den Buden, pack ihn mit E und trag ihn zu einem Security-Posten.","A guy in sunglasses and a cap is hanging around the fair, staring at people for too long. Find him between the stalls, grab him with E and carry him to a security post.","Fuarda güneş gözlüklü ve şapkalı biri dolanıp insanlara fazla uzun bakıyor. Onu tezgâhların arasında bul, E ile yakala ve bir güvenlik noktasına taşı."
MAIL_G1_BETREFF,Ärger auf der Kirmes,Trouble at the fair,Fuarda sorun
MAIL_G1_TEXT,"Servus,

auf der Kirmes treibt sich ein Spanner herum, die Leute beschweren sich schon. Kannst du den Kerl suchen? Sonnenbrille, Cap, steht verdächtig oft rum. Pack ihn und bring ihn zu einem von den Security-Posten, die kümmern sich dann.
Ich leg dir 250 € drauf.

Horst","Hi,

there is a peeper hanging around the fair and people are already complaining. Can you look for him? Sunglasses, cap, stands around suspiciously often. Grab him and bring him to one of the security posts, they will take care of the rest.
I will add €250.

Horst","Selam,

fuarda bir röntgenci dolanıyor, insanlar şimdiden şikâyet ediyor. Onu arayabilir misin? Güneş gözlüğü, şapka, şüpheli şekilde sürekli duruyor. Yakala ve güvenlik noktalarından birine getir, gerisini onlar halleder.
Üstüne 250 € koyarım.

Horst"
MAIL_G1_A1,"Gern, mach ich.","Gladly, I will.",Memnuniyetle.
MAIL_G1_A2,Heute nicht.,Not today.,Bugün olmaz.
HINT_TAETER_PACKEN,{interact} Packen,{interact} Grab,{interact} Yakala
HINT_SECURITY_UEBERGEBEN,{interact} Täter übergeben,{interact} Hand over the culprit,{interact} Suçluyu teslim et
HINT_SECURITY_HALLO,Security-Posten,Security post,Güvenlik noktası
MSG_GEFALLEN_UEBERGEBEN,Der Security führt den Kerl ab. Horst legt %s auf dein Konto,Security takes the guy away. Horst adds %s to your account,Güvenlik adamı götürüyor. Horst hesabına %s ekliyor
Q_G-2_TITLE,Der Taschendieb,The pickpocket,Yankesici
Q_G-2_TEXT,"Ein Taschendieb treibt sich in der Menge herum und rennt weg, sobald jemand näher kommt. Verfolg ihn (mit Sprint holst du ihn ein), pack ihn mit E und trag ihn zu einem Security-Posten.","A pickpocket is working the crowd and runs as soon as someone gets close. Chase him (sprinting will catch him), grab him with E and carry him to a security post.","Bir yankesici kalabalıkta dolanıyor ve biri yaklaşınca kaçıyor. Onu kovala (koşarak yetişirsin), E ile yakala ve bir güvenlik noktasına taşı."
MAIL_G2_BETREFF,Haltet den Dieb!,Stop thief!,Hırsız var!
MAIL_G2_TEXT,"Servus,

auf der Kirmes klaut einer den Leuten die Geldbeutel aus der Tasche. Er mischt sich unter die Menge und rennt los, sobald man ihm zu nahe kommt. Schnapp ihn dir und bring ihn zu einem Security-Posten. Du musst nur schneller sein als er, mit Sprint schaffst du das.
Ich leg dir 300 € drauf.

Horst","Hi,

someone is stealing wallets from people's pockets at the fair. He mixes into the crowd and runs as soon as you get too close. Catch him and bring him to a security post. You just have to be faster than him, sprinting will do it.
I will add €300.

Horst","Selam,

fuarda biri insanların ceplerinden cüzdan çalıyor. Kalabalığa karışıyor ve fazla yaklaşınca kaçıyor. Onu yakala ve bir güvenlik noktasına getir. Sadece ondan hızlı olman lazım, koşarak yetişirsin.
Üstüne 300 € koyarım.

Horst"
MAIL_G2_A1,"Gern, mach ich.","Gladly, I will.",Memnuniyetle.
MAIL_G2_A2,Heute nicht.,Not today.,Bugün olmaz.
Q_G-3_TITLE,Die Sau ist los,The pig is loose,Domuz kaçtı
Q_G-3_TEXT,"Eine Sau vom Sauerennen ist ausgebüxt und rennt über die Kirmes. Fang sie ein (mit E, sie ist schnell, aber sie wird müde) und trag sie zum Gehege zurück.","A pig from the pig race has escaped and is running across the fair. Catch her (E, she is fast but gets tired) and carry her back to the pen.","Domuz yarışından bir domuz kaçtı ve fuarda koşuyor. Onu yakala (E, hızlı ama yorulur) ve ağıla geri taşı."
MAIL_G3_BETREFF,Notfall am Sauerennen,Emergency at the pig race,Domuz yarışında acil durum
MAIL_G3_TEXT,"Servus,

eine Sau ist ausgebüxt! Der Besitzer ist verzweifelt. Fang sie ein und bring sie zurück ins Gehege. Aber pass auf, die ist schneller, als sie aussieht. Wenn sie ein paar Runden gerannt ist, wird sie müde.
Ich leg dir 250 € drauf.

Horst","Hi,

a pig has escaped! The owner is desperate. Catch her and bring her back to the pen. But watch out, she is faster than she looks. After a few laps she gets tired.
I will add €250.

Horst","Selam,

bir domuz kaçtı! Sahibi çaresiz. Onu yakala ve ağıla geri getir. Ama dikkat et, göründüğünden hızlı. Birkaç tur koşunca yorulur.
Üstüne 250 € koyarım.

Horst"
MAIL_G3_A1,"Gern, mach ich.","Gladly, I will.",Memnuniyetle.
MAIL_G3_A2,Heute nicht.,Not today.,Bugün olmaz.
HINT_SAU_PACKEN,{interact} Sau einfangen,{interact} Catch the pig,{interact} Domuzu yakala
HINT_GEHEGE_ABSETZEN,{interact} Sau ins Gehege setzen,{interact} Put the pig in the pen,{interact} Domuzu ağıla koy
HINT_GEHEGE,Gehege,Pen,Ağıl
WORLD_GEHEGE,"Gehege der Sau
({interact}: Sau absetzen)","Pig pen
({interact}: put the pig down)","Domuz ağılı
({interact}: domuzu bırak)"
Q_G-4_TITLE,Konrads Spion,Konrad's spy,Konrad'ın casusu
Q_G-4_TEXT,"Ein Mann mit Melone und Sonnenbrille horcht auf der Kirmes herum und schreibt sich alles auf. Ich wette, der arbeitet für Konrad. Fang ihn ein (er ist schreckhaft und rennt früh los) und bring ihn zu einem Security-Posten.",A man in a bowler hat and sunglasses is eavesdropping at the fair and writing everything down. I bet he works for Konrad. Catch him (he is jumpy and bolts early) and bring him to a security post.,"Melon şapkalı ve güneş gözlüklü bir adam fuarda kulak misafiri oluyor ve her şeyi yazıyor. Konrad için çalıştığına bahse girerim. Onu yakala (ürkek, erken kaçar) ve bir güvenlik noktasına getir."
MAIL_G4_BETREFF,Da horcht einer,Someone is listening,Biri dinliyor
MAIL_G4_TEXT,"Servus,

auf der Kirmes schleicht einer mit Melone und Sonnenbrille herum, horcht die Leute aus und schreibt mit. Ich wette, der gehört zum Konrad. Schnapp ihn dir, aber sei vorsichtig: Er ist schreckhaft und rennt früh los. Bring ihn zu einem Security-Posten.
Dafür gibt es 300 €.

Horst","Hi,

someone in a bowler hat and sunglasses is sneaking around the fair, quizzing people and taking notes. I bet he belongs to Konrad. Catch him, but be careful: he is jumpy and bolts early. Bring him to a security post.
That is worth €300.

Horst","Selam,

fuarda melon şapkalı ve güneş gözlüklü biri sinsice dolanıyor, insanlara sorular soruyor ve not alıyor. Konrad'a ait olduğuna bahse girerim. Onu yakala ama dikkat et: ürkek ve erken kaçıyor. Bir güvenlik noktasına getir.
Bunun karşılığı 300 €.

Horst"
MAIL_G4_A1,"Gern, mach ich.","Gladly, I will.",Memnuniyetle.
MAIL_G4_A2,Heute nicht.,Not today.,Bugün olmaz.
MAIL_M2_09_BETREFF,Mehr Geld?,More money?,Daha çok para?
MAIL_M2_09_TEXT,"Servus Chef, ich arbeite jetzt schon ein paar Tage für dich und es gefällt mir. Ich würde gern etwas mehr verdienen. Passt das?","Hi boss, I have been working for you for a few days now and I like it. I would like to earn a little more. Is that okay?","Selam patron, birkaç gündür senin için çalışıyorum ve hoşuma gidiyor. Biraz daha fazla kazanmak isterim. Olur mu?"
MAIL_M2_09_A1,"Ja, das hast du dir verdient.","Yes, you have earned it.","Evet, bunu hak ettin."
MAIL_M2_09_A2,Im Moment nicht.,Not right now.,Şu an olmaz.
MAIL_M2_11_BETREFF,Morgen Regen,Rain tomorrow,Yarın yağmur
MAIL_M2_11_TEXT,"Für morgen sind kräftige Schauer gemeldet. Draußen dürfte wenig los sein, dafür drängen die Leute ins Zelt.","Heavy showers are forecast for tomorrow. It should be quiet outside, but people will crowd into the tent.",Yarın şiddetli sağanak bekleniyor. Dışarısı sakin olur ama insanlar çadıra doluşur.
MAIL_M2_12_BETREFF,Hygienekontrolle,Hygiene inspection,Hijyen kontrolü
MAIL_M2_12_TEXT,"Sehr geehrte Herren und Damen,

morgen um 15:00 Uhr führen wir eine Hygienekontrolle in Ihrem Zelt durch. Bitte halten Sie es in einem ordnungsgemäßen Zustand (mindestens 60 % Sauberkeit).

Mit freundlichen Grüßen
Wagner, Gewerbeamt","Dear Sir or Madam,

tomorrow at 15:00 we will carry out a hygiene inspection in your tent. Please keep it in proper condition (at least 60 % cleanliness).

Kind regards
Wagner, trade office","Sayın yetkililer,

yarın saat 15:00'te çadırınızda hijyen kontrolü yapacağız. Lütfen düzgün durumda tutun (en az %60 temizlik).

Saygılarımızla
Wagner, ticaret dairesi"
Q_N-2-3_TITLE,Die Hygienekontrolle,The hygiene inspection,Hijyen kontrolü
Q_N-2-3_TEXT,Das Amt kommt morgen um 15:00 Uhr. Halte das Zelt sauber (mindestens 60 %) und bestehe die Kontrolle.,The office comes tomorrow at 15:00. Keep the tent clean (at least 60 %) and pass the inspection.,Daire yarın saat 15:00'te geliyor. Çadırı temiz tut (en az %60) ve kontrolü geç.
Q_G-5_TITLE,Sturmwarnung,Storm warning,Fırtına uyarısı
Q_G-5_TEXT,"Ein Sturm zieht auf! Fünf Planen auf der Kirmes sind lose. Lauf hin und sichere sie mit E, bevor der Sturm losbricht (2:30 Minuten).",A storm is coming! Five tarps at the fair are loose. Run there and secure them with E before the storm hits (2:30 minutes).,Fırtına geliyor! Fuardaki beş branda gevşek. Oraya koş ve fırtına kopmadan E ile sağlamlaştır (2:30 dakika).
MAIL_G5_BETREFF,Sturm im Anmarsch,Storm on its way,Fırtına yolda
MAIL_G5_TEXT,"Servus,

der Wetterdienst meldet einen Sturm, und auf der Kirmes flattern fünf Planen lose herum. Wenn die wegfliegen, gibt es Ärger. Sichere sie schnell, du hast gut zwei Minuten.
Ich leg dir 250 € drauf.

Horst","Hi,

the weather service reports a storm and five tarps are flapping loose at the fair. If they blow away, there will be trouble. Secure them quickly, you have a good two minutes.
I will add €250.

Horst","Selam,

hava durumu bir fırtına bildiriyor ve fuarda beş branda gevşek çırpınıyor. Uçup giderlerse başımız belaya girer. Çabuk sağlamlaştır, iki dakikadan fazla vaktin var.
Üstüne 250 € koyarım.

Horst"
MAIL_G5_A1,"Gern, mach ich.","Gladly, I will.",Memnuniyetle.
MAIL_G5_A2,Heute nicht.,Not today.,Bugün olmaz.
Q_G-6_TITLE,Brand am Imbiss,Fire at the snack bar,Büfede yangın
Q_G-6_TEXT,Bei drei Buden brennt es! Hol am Brunnen Wasser (E) und lösch ein Feuer (E). Für jedes Feuer brauchst du einen vollen Eimer. Du hast drei Minuten.,Three stalls are on fire! Fetch water at the well (E) and put out a fire (E). Each fire needs a full bucket. You have three minutes.,Üç tezgâhta yangın var! Kuyudan su al (E) ve bir yangını söndür (E). Her yangın için dolu bir kova gerekir. Üç dakikan var.
MAIL_G6_BETREFF,Feuer!,Fire!,Yangın!
MAIL_G6_TEXT,"Servus,

bei drei Imbissbuden brennt es! Es gibt einen Brunnen auf der Kirmes: Wasser holen und löschen, Eimer für Eimer. Ihr habt keine drei Minuten.
Ich leg dir 300 € drauf.

Horst","Hi,

three snack stalls are on fire! There is a well at the fair: fetch water and put the fires out, bucket by bucket. You have less than three minutes.
I will add €300.

Horst","Selam,

üç büfede yangın var! Fuarda bir kuyu var: su al ve yangınları kova kova söndür. Üç dakikan yok.
Üstüne 300 € koyarım.

Horst"
MAIL_G6_A1,"Gern, mach ich.","Gladly, I will.",Memnuniyetle.
MAIL_G6_A2,Heute nicht.,Not today.,Bugün olmaz.
HINT_STURM_SICHERN,{interact} Plane sichern,{interact} Secure tarp,{interact} Brandayı sağlamlaştır
HINT_FEUER_LOESCHEN,{interact} Feuer löschen,{interact} Put out fire,{interact} Yangını söndür
HINT_FEUER_WASSER,Erst Wasser holen (am Brunnen),Fetch water first (at the well),Önce su al (kuyudan)
HINT_QUELLE,{interact} Eimer füllen,{interact} Fill bucket,{interact} Kovayı doldur
WORLD_QUELLE,"Brunnen
({interact}: Eimer füllen)","Well
({interact}: fill bucket)","Kuyu
({interact}: kovayı doldur)"
MSG_EIMER_VOLL,"Der Eimer ist voll, jetzt zum Feuer","The bucket is full, now to the fire","Kova dolu, şimdi yangına"
MSG_GEFALLEN_REST,Noch %d offen,%d left,%d kaldı
MSG_GEFALLEN_GESCHAFFT,Geschafft! Horst legt %s auf dein Konto,Done! Horst adds %s to your account,Başardın! Horst hesabına %s ekliyor
MSG_GEFALLEN_ZU_SPAET,"Zu spät, der Gefallen ist gescheitert","Too late, the favour failed","Çok geç, iş başarısız oldu"
STAFF_SECURITY,Security,Security,Güvenlik
STAFF_INFO_SECURITY,Steht am Zelteingang. Mit Security gibt es keine Massenschlägerei und nur halb so viele Streits. Er kann auch Saboteure abfangen.,Stands at the tent entrance. With security there are no mass brawls and only half as many fights. He can also intercept saboteurs.,"Çadır girişinde durur. Güvenlikle toplu kavga olmaz, tartışmalar yarıya iner. Sabotajcıları da yakalayabilir."
Q_3_1_TITLE,Eine Wette,A bet,Bir bahis
Q_3_1_TEXT,"Konrad wettet mit dir. Nimm die Wette an (per Mail oder im Gespräch mit ihm vor seinem Zelt) und gewinn sie, die Wette gilt immer für einen Tag.","Konrad bets against you. Accept the bet (by mail or by talking to him in front of his tent) and win it, a bet always lasts one day.","Konrad seninle bahse giriyor. Bahsi kabul et (e-postayla ya da çadırının önünde onunla konuşarak) ve kazan, bahis her zaman bir gün sürer."
Q_3_2_TITLE,Es stinkt,It stinks,Kokuyor
Q_3_2_TEXT,"Jemand legt dir eine Stinkbombe ins Zelt. Finde die Flecken und wisch sie weg, bis das Zelt wieder sauber ist.",Someone is planting a stink bomb in your tent. Find the stains and wipe them up until the tent is clean again.,Biri çadırına kokulu bomba bırakıyor. Lekeleri bul ve çadır yeniden temiz olana kadar sil.
Q_3_3_TITLE,Wachpersonal,Security staff,Güvenlik personeli
Q_3_3_TEXT,So geht das nicht weiter. Stell am Computer unter Shop → Personal einen Security ein. Er steht am Zelteingang und schreckt Raufbolde und Saboteure ab.,This cannot go on. Hire a security guard on the computer under Shop → Staff. He stands at the tent entrance and deters brawlers and saboteurs.,Böyle devam edemez. Bilgisayarda Mağaza → Personel bölümünden bir güvenlik görevlisi işe al. Çadır girişinde durur ve kavgacıları ve sabotajcıları caydırır.
Q_3_4_TITLE,Der Saboteur,The saboteur,Sabotajcı
Q_3_4_TEXT,"Ein verdächtiger Gast schleicht durchs Zelt. Wenn du ihn siehst, pack ihn mit E, bevor er Schaden anrichtet.","A suspicious guest is sneaking through the tent. If you see him, grab him with E before he does any damage.","Şüpheli bir misafir çadırda sinsice dolanıyor. Onu görürsen, zarar vermeden E ile yakala."
Q_3_5_TITLE,Beweise,Evidence,Kanıtlar
Q_3_5_TEXT,Der Saboteur hat einen Zettel verloren. Bring ihn zu Horst ins Festbüro und sprich mit ihm.,The saboteur dropped a note. Take it to Horst at the fair office and talk to him.,Sabotajcı bir not düşürdü. Onu fuar ofisinde Horst'a götür ve onunla konuş.
Q_3_6_TITLE,Zur Rede gestellt,Confronted,Hesaba çekildi
Q_3_6_TEXT,Stell Konrad vor seinem Zelt zur Rede und leg ihm den Zettel vor.,Confront Konrad in front of his tent and show him the note.,Konrad'ı çadırının önünde hesaba çek ve notu göster.
MAIL_M3_01_BETREFF,Eine kleine Wette,A little bet,Küçük bir bahis
MAIL_M3_01_TEXT,"Na, Sepps Patenkind? Läuft's? Ich wette, du hältst nicht mehr lange durch. Ab und zu mache ich dir ein Angebot. Nimm es an, wenn du dich traust. – K.","So, Sepp's godchild? Going well? I bet you will not last much longer. Now and then I will make you an offer. Take it if you dare. – K.","Eee, Sepp'in vaftiz çocuğu? İyi gidiyor mu? Daha fazla dayanamazsın bahse girerim. Ara sıra sana bir teklif yaparım. Cesaretin varsa kabul et. – K."
MAIL_M3_02_BETREFF,Eine Wette,A bet,Bir bahis
MAIL_M3_02_TEXT,"Ich wette, du schaffst es heute nicht. Der Einsatz steht in deiner Aufgabenkarte. Nimmst du an? – K.",I bet you will not manage today. The stake is on your task card. Do you accept? – K.,Bugün başaramayacağına bahse girerim. Bahis tutarı görev kartında. Kabul ediyor musun? – K.
MAIL_M3_02_A1,Die Wette gilt.,The bet is on.,Bahis geçerli.
MAIL_M3_02_A2,"Nein, danke.","No, thanks.","Hayır, teşekkürler."
MAIL_M3_04_BETREFF,Jetzt reicht's,That is enough,Yeter artık
MAIL_M3_04_TEXT,"Der Konrad spielt ein falsches Spiel, das spür ich. Stell einen Security ein, ab sofort geht keiner mehr unbemerkt ins Zelt. Das Geld hol ich mir später zurück.

Horst","Konrad is playing a dirty game, I can feel it. Hire a security guard, from now on nobody goes into the tent unnoticed. I will get the money back later.

Horst","Konrad kirli oyun oynuyor, hissediyorum. Bir güvenlik görevlisi işe al, bundan sonra kimse fark edilmeden çadıra girmesin. Parayı sonra geri alırım.

Horst"
MAIL_M3_05_BETREFF,Jetzt weißt du Bescheid,Now you know,Artık biliyorsun
MAIL_M3_05_TEXT,"Das hast du gut gemacht. Der Konrad schaut plötzlich gar nicht mehr so sicher. Aber er gibt nicht auf. Beim nächsten Mal geht es um etwas Größeres.

Horst","You did that well. Konrad suddenly does not look so sure any more. But he will not give up. Next time it will be about something bigger.

Horst","Bunu iyi yaptın. Konrad birden o kadar emin görünmüyor. Ama pes etmez. Bir dahaki sefere daha büyük bir şey söz konusu olacak.

Horst"
MAIL_M3_06_BETREFF,Das war nicht nett,That was not nice,Bu hoş değildi
MAIL_M3_06_TEXT,"Vor allen Leuten. Das vergesse ich dir nicht. Wir sehen uns beim Bier, Sepps Patenkind. – K.","In front of everyone. I will not forget that. See you over a beer, Sepp's godchild. – K.","Herkesin içinde. Bunu unutmayacağım. Bira başında görüşürüz, Sepp'in vaftiz çocuğu. – K."
CHEF_ZETTEL_1_DU,Ein Zettel? Zeig mal her.,A note? Let me see.,Bir not mu? Göster bakalım.
CHEF_ZETTEL_1_IHR,Ein Zettel? Zeigt mal her.,A note? Let me see.,Bir not mu? Gösterin bakalım.
CHEF_ZETTEL_2_DU,"Das ist Konrads Handschrift, ich erkenn sie unter hundert. Der Kerl hat den Saboteur geschickt.","That is Konrad's handwriting, I would know it among a hundred. He sent the saboteur.","Bu Konrad'ın el yazısı, yüzün arasında tanırım. Sabotajcıyı o gönderdi."
CHEF_ZETTEL_2_IHR,"Das ist Konrads Handschrift, ich erkenn sie unter hundert. Der Kerl hat den Saboteur geschickt.","That is Konrad's handwriting, I would know it among a hundred. He sent the saboteur.","Bu Konrad'ın el yazısı, yüzün arasında tanırım. Sabotajcıyı o gönderdi."
CHEF_ZETTEL_3_DU,"Geh zu ihm und stell ihn zur Rede. Aber bleib ruhig, das zahlen wir ihm anders heim.","Go to him and confront him. But stay calm, we will pay him back in another way.","Ona git ve hesap sor. Ama sakin ol, bunun acısını başka türlü çıkaracağız."
CHEF_ZETTEL_3_IHR,"Geht zu ihm und stellt ihn zur Rede. Aber bleibt ruhig, das zahlen wir ihm anders heim.","Go to him and confront him. But stay calm, we will pay him back in another way.","Ona gidin ve hesap sorun. Ama sakin olun, bunun acısını başka türlü çıkaracağız."
KONRAD_REDE_1_DU,Was willst du denn mit dem Zettel? Das ist nicht meine Schrift.,What do you want with that note? That is not my handwriting.,O notla ne yapmak istiyorsun? Bu benim yazım değil.
KONRAD_REDE_1_IHR,Was wollt ihr denn mit dem Zettel? Das ist nicht meine Schrift.,What do you want with that note? That is not my handwriting.,O notla ne yapmak istiyorsunuz? Bu benim yazım değil.
KONRAD_REDE_2_DU,… Na gut. Dann war das eben ein Missverständnis. Mein Name steht nirgends drauf.,... Fine. Then it was a misunderstanding. My name is nowhere on it.,... Peki. O zaman bir yanlış anlaşılmaydı. Adım hiçbir yerde yazmıyor.
KONRAD_REDE_2_IHR,… Na gut. Dann war das eben ein Missverständnis. Mein Name steht nirgends drauf.,... Fine. Then it was a misunderstanding. My name is nowhere on it.,... Peki. O zaman bir yanlış anlaşılmaydı. Adım hiçbir yerde yazmıyor.
KONRAD_REDE_3_DU,"Aber glaub nicht, dass das das letzte Wort war. Das Fest ist noch lang.",But do not think that was the last word. The fair is still long.,Ama bunun son söz olduğunu sanma. Fuar hâlâ uzun.
KONRAD_REDE_3_IHR,"Aber glaubt nicht, dass das das letzte Wort war. Das Fest ist noch lang.",But do not think that was the last word. The fair is still long.,Ama bunun son söz olduğunu sanmayın. Fuar hâlâ uzun.
Q_4_1_TITLE,Der Schlüssel,The key,Anahtar
Q_4_1_TEXT,Horst hat Sepps Kellerschlüssel. Hol ihn dir im Festbüro ab.,Horst has Sepp's cellar key. Pick it up at the fair office.,Horst'ta Sepp'in kiler anahtarı var. Fuar ofisinden al.
Q_4_2_TITLE,Sepps Braukeller,Sepp's brewery cellar,Sepp'in bira mahzeni
Q_4_2_TEXT,Bau dein Zelt auf mindestens mittlere Größe aus und öffne die Kellertür im Zelt. Darunter liegt Sepps Braukeller.,Expand your tent to at least medium size and open the cellar door in the tent. Sepp's brewery lies below.,Çadırını en az orta boya genişlet ve çadırdaki kiler kapısını aç. Altında Sepp'in bira fabrikası var.
Q_4_3_TITLE,Zutaten,Ingredients,Malzemeler
Q_4_3_TEXT,Kauf am Computer im Shop (Reiter Ware) Malz und Hopfen für den ersten Sud. Hefe brauchst du später auch.,Buy malt and hops for the first brew on the computer in the shop (Goods tab). You will need yeast later too.,Bilgisayarda mağazadan (Mal sekmesi) ilk demleme için malt ve şerbetçiotu satın al. Daha sonra mayaya da ihtiyacın olacak.
Q_4_4_TITLE,Der erste Sud,The first brew,İlk demleme
Q_4_4_TEXT,"Geh in den Braukeller: Maische im Bottich rühren, im Kessel kochen (Hopfen bei 60 %) und den fertigen Sud mit Hefe ins Gärfass füllen. Dann dauert es fünf Minuten.","Go to the brewery: stir the mash in the vat, boil it in the kettle (hops at 60 %) and fill the finished wort with yeast into the fermenting barrel. Then wait five minutes.","Bira fabrikasına git: hamuru fıçıda karıştır, kazanda kaynat (şerbetçiotunu %60'ta ekle) ve bitmiş şırayı mayayla fermantasyon fıçısına doldur. Sonra beş dakika bekle."
Q_4_5_TITLE,Probe,Tasting,Tadım
Q_4_5_TEXT,"Wenn das Gärfass fertig ist, füll das Bier mit E ins Lager ab. Dann kannst du es ausschenken.","When the fermenting barrel is ready, press E to fill the beer into the store. Then you can serve it.",Fermantasyon fıçısı hazır olunca E ile birayı depoya doldur. Sonra servis edebilirsin.
Q_4_6_TITLE,Konrads Blockade,Konrad's blockade,Konrad'ın ablukası
Q_4_6_TEXT,"Konrad hat den ganzen Hopfen aufgekauft, im Shop gibt es keinen mehr. Sprich mit Horst, er kennt einen Bauern.","Konrad bought up all the hops, there is none left in the shop. Talk to Horst, he knows a farmer.","Konrad bütün şerbetçiotunu satın aldı, mağazada kalmadı. Horst'la konuş, bir çiftçi tanıyor."
Q_4_7_TITLE,Ein Fass für alle,A barrel for everyone,Herkes için bir fıçı
Q_4_7_TEXT,"Schenk dein eigenes Bier aus. Sobald ein Gast ein Maß deines Festbiers trinkt, ist das Kapitel geschafft.","Serve your own beer. As soon as a guest drinks a mug of your fest beer, the chapter is done.",Kendi birani servis et. Bir misafir festival birandan bir kupa içer içmez bölüm tamam.
MAIL_M4_01_BETREFF,Sepps Schlüssel,Sepp's key,Sepp'in anahtarı
MAIL_M4_01_TEXT,"Komm mal im Festbüro vorbei. Ich hab noch etwas von Sepp für dich: den Schlüssel zu seinem Braukeller.

Horst","Drop by the fair office. I still have something from Sepp for you: the key to his brewery cellar.

Horst","Fuar ofisine uğra. Sepp'ten sana kalan bir şey daha var: bira mahzeninin anahtarı.

Horst"
MAIL_M4_02_BETREFF,Der Hopfen ist leider aus,"Sadly, the hops are gone",Maalesef şerbetçiotu bitti
MAIL_M4_02_TEXT,"Hopfen? Tut mir leid, der ist leider aus. Gerade habe ich den ganzen Vorrat gekauft. Pech gehabt, Sepps Patenkind. – K.","Hops? Sorry, they are gone. I just bought the whole stock. Bad luck, Sepp's godchild. – K.","Şerbetçiotu mu? Üzgünüm, bitti. Bütün stoğu ben aldım. Şanssızlık, Sepp'in vaftiz çocuğu. – K."
MAIL_M4_03_BETREFF,Dein eigenes Bier,Your own beer,Kendi biran
MAIL_M4_03_TEXT,"Dein erstes eigenes Bier! Der Sepp hätte geweint vor Stolz. Es gibt nur noch das letzte große Ding: das Fest. Wir reden morgen.

Horst","Your very own beer! Sepp would have wept with pride. There is only one big thing left: the festival. We will talk tomorrow.

Horst","Kendi biran! Sepp gururdan ağlardı. Geriye tek büyük şey kaldı: festival. Yarın konuşuruz.

Horst"
CHEF_SCHLUESSEL_1_DU,Den hier hat der Sepp ganz hinten in seiner Schublade versteckt. Der Schlüssel zu seinem Braukeller.,Sepp hid this at the very back of his drawer. The key to his brewery cellar.,Bunu Sepp çekmecesinin en arkasına saklamıştı. Bira mahzeninin anahtarı.
CHEF_SCHLUESSEL_1_IHR,Den hier hat der Sepp ganz hinten in seiner Schublade versteckt. Der Schlüssel zu seinem Braukeller.,Sepp hid this at the very back of his drawer. The key to his brewery cellar.,Bunu Sepp çekmecesinin en arkasına saklamıştı. Bira mahzeninin anahtarı.
CHEF_SCHLUESSEL_2_DU,Das Festbier hat drei Seiten Rezept. Zwei hat der Sepp aufgeschrieben. Die dritte … die hatte der Konrad. Aber das ist eine andere Geschichte.,The fest beer recipe has three pages. Sepp wrote down two. The third ... Konrad had that one. But that is another story.,Festival birasının tarifi üç sayfa. İkisini Sepp yazmış. Üçüncüsü ... Konrad'daydı. Ama o başka bir hikâye.
CHEF_SCHLUESSEL_2_IHR,Das Festbier hat drei Seiten Rezept. Zwei hat der Sepp aufgeschrieben. Die dritte … die hatte der Konrad. Aber das ist eine andere Geschichte.,The fest beer recipe has three pages. Sepp wrote down two. The third ... Konrad had that one. But that is another story.,Festival birasının tarifi üç sayfa. İkisini Sepp yazmış. Üçüncüsü ... Konrad'daydı. Ama o başka bir hikâye.
CHEF_HOPFEN_1_DU,Der Konrad hat den Hopfen aufgekauft? Dieser Halunke.,Konrad bought up the hops? That rascal.,Konrad şerbetçiotunu mu topladı? O hergele.
CHEF_HOPFEN_1_IHR,Der Konrad hat den Hopfen aufgekauft? Dieser Halunke.,Konrad bought up the hops? That rascal.,Konrad şerbetçiotunu mu topladı? O hergele.
CHEF_HOPFEN_2_DU,"Ich kenne einen Bauern, der baut selbst welchen an. Hier, drei Dolden, die reichen für den ersten Sud.","I know a farmer who grows his own. Here, three cones, that is enough for the first brew.","Kendi yetiştiren bir çiftçi tanıyorum. Al, üç salkım, ilk demleme için yeter."
CHEF_HOPFEN_2_IHR,"Ich kenne einen Bauern, der baut selbst welchen an. Hier, drei Dolden, die reichen für den ersten Sud.","I know a farmer who grows his own. Here, three cones, that is enough for the first brew.","Kendi yetiştiren bir çiftçi tanıyorum. Al, üç salkım, ilk demleme için yeter."
MSG_HOPFEN_BLOCKIERT,Der Hopfen ist ausverkauft: Konrad hat alles aufgekauft,The hops are sold out: Konrad bought everything,Şerbetçiotu tükendi: Konrad hepsini satın aldı
MSG_FASS_ABGEFUELLT,Das Bier ist im Lager: %d Maß eigenes Festbier,The beer is in storage: %d mugs of your own fest beer,Bira depoda: %d kupa kendi festival birası
Q_5_1_TITLE,Das letzte Angebot,The last offer,Son teklif
Q_5_1_TEXT,Konrad hat dir noch einmal geschrieben. Lies seine Mail und antworte.,Konrad has written to you once more. Read his mail and answer.,Konrad sana bir kez daha yazdı. E-postasını oku ve yanıtla.
Q_5_2_TITLE,Das Turnier beginnt,The tournament begins,Turnuva başlıyor
Q_5_2_TEXT,Konrad fordert dich zum Maß-Wettschleppen heraus. Sprich vor seinem Zelt mit ihm und gewinn das Duell der ersten Stufe.,Konrad challenges you to the mug-carrying race. Talk to him in front of his tent and win the first-level duel.,Konrad seni kupa taşıma yarışına davet ediyor. Çadırının önünde onunla konuş ve ilk seviye düelloyu kazan.
Q_5_3_TITLE,Die dritte Seite,The third page,Üçüncü sayfa
Q_5_3_TEXT,Konrad hat die dritte Seite von Sepps Festbier-Rezept. Nach dem Duell muss er sie dir geben. Geh zu seinem Zelt.,Konrad has the third page of Sepp's fest beer recipe. After the duel he has to hand it over. Go to his tent.,Konrad'da Sepp'in festival birası tarifinin üçüncü sayfası var. Düellodan sonra onu sana vermek zorunda. Çadırına git.
Q_5_4_TITLE,Das perfekte Festbier,The perfect fest beer,Mükemmel festival birası
Q_5_4_TEXT,Mit allen drei Seiten kannst du das Festbier perfektionieren. Brau einen Sud nach dem Meisterrezept und füll das Fass ins Lager ab.,With all three pages you can perfect the fest beer. Brew a batch with the master recipe and bottle the barrel into storage.,Üç sayfayla festival birasını mükemmelleştirebilirsin. Usta tarifine göre bir demleme yap ve fıçıyı depoya doldur.
Q_5_5_TITLE,Das Riesenzelt,The giant tent,Dev çadır
Q_5_5_TEXT,Für das große Fest braucht es ein Riesenzelt. Bau im Shop auf die höchste Stufe aus.,The big festival needs a giant tent. Expand to the highest level in the shop.,Büyük festival için dev bir çadır gerekiyor. Mağazadan en yüksek seviyeye genişlet.
Q_5_6_TITLE,Die letzte Rate,The last instalment,Son taksit
Q_5_6_TEXT,"Zahle die letzten Schulden von Sepp in der Bank-App ab, bis nichts mehr offen ist.",Pay off Sepp's last debts in the bank app until nothing is left.,Sepp'in son borçlarını banka uygulamasında hiçbir şey kalmayana kadar öde.
Q_5_7_TITLE,Das große Fest,The big festival,Büyük festival
Q_5_7_TEXT,"Buche den Star-Act und mach das Zelt voll. Wenn du mit einem vollen Zelt und dem Star-Act Feierabend machst, ist das große Fest geschafft.","Book the star act and fill the tent. If you close the day with a full tent and the star act, the big festival is done.",Yıldız sanatçıyı tut ve çadırı doldur. Dolu bir çadır ve yıldız sanatçıyla günü bitirirsen büyük festival tamamdır.
MAIL_M5_01_BETREFF,Das letzte Angebot,The last offer,Son teklif
MAIL_M5_01_TEXT,"Sepps Patenkind. Du hast mehr durchgehalten, als ich dachte. Ich biete dir 10.000 € für das Zelt. Denk gut nach. – K.","Sepp's godchild. You lasted longer than I thought. I offer you €10,000 for the tent. Think carefully. – K.",Sepp'in vaftiz çocuğu. Düşündüğümden daha fazla dayandın. Çadır için sana 10.000 € veriyorum. İyi düşün. – K.
MAIL_M5_01_A1,"Nein. Das Zelt gehört Sepp, und jetzt mir.","No. The tent belongs to Sepp, and now to me.","Hayır. Çadır Sepp'e ait, şimdi bana."
MAIL_M5_01_A2,Ich denk drüber nach. (Nein.),I will think about it. (No.),Düşüneceğim. (Hayır.)
MAIL_M5_01_A3,Komm doch und hol es dir.,Come and get it.,Gel ve al.
MAIL_M5_02_BETREFF,Das war ein Fest,That was a festival,Bu bir festivaldi
MAIL_M5_02_TEXT,"Das war das schönste Fest, das ich je erlebt habe. Der Sepp hätte jedem eine Runde ausgegeben. Das Zelt gehört jetzt wirklich dir.

Horst","That was the finest festival I have ever seen. Sepp would have bought everyone a round. The tent is really yours now.

Horst","Bu yaşadığım en güzel festivaldi. Sepp herkese bir tur ısmarlardı. Çadır artık gerçekten senin.

Horst"
KONRAD_SEITE_1_DU,Du hast mich geschlagen. Fair und ehrlich. Das muss ich anerkennen.,You beat me. Fair and square. I have to admit that.,Beni yendin. Adil ve dürüstçe. Bunu kabul etmeliyim.
KONRAD_SEITE_1_IHR,Ihr habt mich geschlagen. Fair und ehrlich. Das muss ich anerkennen.,You beat me. Fair and square. I have to admit that.,Beni yendiniz. Adil ve dürüstçe. Bunu kabul etmeliyim.
KONRAD_SEITE_2_DU,"Hier, die dritte Seite des Rezepts. Der Sepp hat sie mir damals gegeben, bevor wir uns zerstritten haben. Ich wollte ihm helfen, glaub mir das.","Here, the third page of the recipe. Sepp gave it to me back then, before we fell out. I wanted to help him, believe me.","Al, tarifin üçüncü sayfası. Sepp onu bana vermişti, aramız bozulmadan önce. Ona yardım etmek istedim, inan bana."
KONRAD_SEITE_2_IHR,"Hier, die dritte Seite des Rezepts. Der Sepp hat sie mir damals gegeben, bevor wir uns zerstritten haben. Ich wollte ihm helfen, glaubt mir das.","Here, the third page of the recipe. Sepp gave it to me back then, before we fell out. I wanted to help him, believe me.","Al, tarifin üçüncü sayfası. Sepp onu bana vermişti, aramız bozulmadan önce. Ona yardım etmek istedim, inanın bana."
KONRAD_SEITE_3_DU,"Mach etwas Gutes daraus. Und sag Horst, er soll dir erzählen, wie es wirklich war.",Make something good of it. And tell Horst to tell you how it really was.,Ondan güzel bir şey yap. Ve Horst'a sana gerçekte nasıl olduğunu anlatmasını söyle.
KONRAD_SEITE_3_IHR,"Macht etwas Gutes daraus. Und sagt Horst, er soll euch erzählen, wie es wirklich war.",Make something good of it. And tell Horst to tell you how it really was.,Ondan güzel bir şey yapın. Ve Horst'a size gerçekte nasıl olduğunu anlatmasını söyleyin.
KONRAD_FEST_1_DU,"Na, Sepp? Das ganze Zelt voll, ein Star auf der Bühne … ich muss es zugeben: Das hätte ich dir nicht zugetraut.","Well, Sepp? A packed tent, a star on stage ... I have to admit it: I didn't think you had it in you.","Eee, Sepp? Çadır dolu, sahnede bir yıldız ... itiraf etmeliyim: Bunu senden beklemezdim."
KONRAD_FEST_1_IHR,"Na, ihr zwei? Das ganze Zelt voll, ein Star auf der Bühne … ich muss es zugeben: Das hätte ich euch nicht zugetraut.","Well, you two? A packed tent, a star on stage ... I have to admit it: I didn't think you had it in you.","Eee, siz ikiniz? Çadır dolu, sahnede bir yıldız ... itiraf etmeliyim: Bunu sizden beklemezdim."
KONRAD_FEST_2_DU,"Aber glaub nicht, dass das Duell damit vergessen ist. Nächstes Jahr hole ich mir die Krone zurück.",But don't think the duel is forgotten. Next year I'll take the crown back.,Ama düellonun unutulduğunu sanma. Seneye tacı geri alacağım.
KONRAD_FEST_2_IHR,"Aber glaubt nicht, dass das Duell damit vergessen ist. Nächstes Jahr hole ich mir die Krone zurück.",But don't think the duel is forgotten. Next year I'll take the crown back.,Ama düellonun unutulduğunu sanmayın. Seneye tacı geri alacağım.
KONRAD_FEST_3_DU,"… Schönes Feuerwerk übrigens. Prost, Sepp.","... Nice fireworks, by the way. Cheers, Sepp.","... Bu arada havai fişek güzel. Şerefe, Sepp."
KONRAD_FEST_3_IHR,"… Schönes Feuerwerk übrigens. Prost, ihr zwei.","... Nice fireworks, by the way. Cheers, you two.","... Bu arada havai fişek güzel. Şerefe, ikiniz."
QUESTS_REZEPTBUCH,Rezeptbuch,Recipe book,Tarif defteri
REZEPT_SEITE_1,"Seite 1: Hausbier. Malz maischen, Sud mit Hopfen kochen, Hefe ins Fass.","Page 1: House beer. Mash the malt, boil the wort with hops, add yeast to the barrel.","Sayfa 1: Ev birası. Maltı ez, şerbeti hopla kaynat, mayayı fıçıya at."
REZEPT_SEITE_2,Seite 2: Festbier. Länger gelagert und fein gehopft. Bringt 2 € Aufschlag je Maß.,Page 2: Fest beer. Aged longer and finely hopped. Earns 2 € extra per mug.,"Sayfa 2: Festival birası. Daha uzun dinlendirilmiş, ince hoplu. Kupa başına 2 € ekstra kazandırır."
REZEPT_SEITE_3,Seite 3: Meisterbräu. Sepps Geheimrezept von Konrad. Bringt 4 € Aufschlag je Maß.,Page 3: Master brew. Sepp's secret recipe from Konrad. Earns 4 € extra per mug.,Sayfa 3: Usta birası. Sepp'in Konrad'dan gelen gizli tarifi. Kupa başına 4 € ekstra kazandırır.
REZEPT_SEITE_GESPERRT,Seite %d: noch nicht gefunden,Page %d: not found yet,Sayfa %d: henüz bulunamadı
BIER_STUFE_1,Hausbier,house beer,ev birası
BIER_STUFE_2,Festbier,fest beer,festival birası
BIER_STUFE_3,Meisterbräu,master brew,usta birası
MSG_FASS_ABGEFUELLT_Q,Das Bier ist im Lager: %d Maß %s,The beer is in storage: %d mugs of %s,Bira depoda: %d kupa %s
STAFF_BRAEUMEISTER,Bräumeister Gerhard,Master brewer Gerhard,Bira ustası Gerhard
STAFF_INFO_BRAEUMEISTER,"Steht im Braukeller und braut von allein: rührt das Malz, kocht den Sud, füllt die Gärfässer und das fertige Bier ins Lager. Du musst nur Zutaten nachkaufen.","Stands in the brewery cellar and brews on his own: stirs the malt, boils the wort, fills the fermenting barrels and the finished beer into storage. You only have to restock ingredients.","Bira mahzeninde durur ve kendiliğinden demler: maltı karıştırır, şerbeti kaynatır, mayalama fıçılarını ve bitmiş birayı depoya doldurur. Sadece malzemeleri yeniden almalısın."
MSG_STREICH_LASTER,Konrads Laster blockiert die Einfahrt! Die Lieferung ist heute teurer.,Konrad's truck is blocking the entrance! Deliveries cost more today.,Konrad'ın kamyonu girişi tıkıyor! Teslimat bugün daha pahalı.
MSG_STROM_AUS,Stromausfall! Das Licht ist aus und das Personal steht still. Das war bestimmt wieder Konrad.,Power cut! The lights are out and the staff stands still. That was surely Konrad again.,Elektrik kesildi! Işıklar söndü ve personel duruyor. Bu yine kesin Konrad.
MSG_STROM_WIEDER,Der Strom ist wieder da.,The power is back.,Elektrik geri geldi.
MSG_STREICH_DIEB_WARNUNG,Du hörst Gerüchte: Heute Nacht schleichen Diebe ums Fasslager. Security kann sie fassen.,Rumor has it thieves will sneak around the barrel store tonight. Security can catch them.,Söylentilere göre bu gece hırsızlar fıçı deposunda dolaşacak. Güvenlik onları yakalayabilir.
MSG_DIEB_GESTELLT,Diebe am Fasslager: Die Security hat sie gestellt! Das spricht sich herum.,Thieves at the barrel store: security caught them! Word gets around.,Fıçı deposunda hırsızlar: Güvenlik onları yakaladı! Haber hızla yayılır.
MSG_DIEB_BIER,Diebe waren am Fasslager und haben %d Maß Bier gestohlen.,Thieves hit the barrel store and stole %d mugs of beer.,Hırsızlar fıçı deposuna girip %d kupa bira çaldı.
MSG_KONTROLLE_DA,Frau Wagner vom Amt ist da und geht durchs Zelt. Hoffentlich ist alles sauber!,Ms. Wagner from the office is here and walking through the tent. Hopefully everything is clean!,Daireden Bayan Wagner geldi ve çadırı geziyor. Umarım her şey temizdir!
SOCIAL_MELDEN,Als Fälschung melden,Report as fake,Sahte olarak bildir
SOCIAL_FAKE_1,"Furchtbar! Bier warm, Essen kalt, nie wieder. (Hat der Autor überhaupt je einen Fuß ins Zelt gesetzt?)","Awful! Beer warm, food cold, never again. (Has the author ever even set foot in the tent?)","Berbat! Bira ılık, yemek soğuk, bir daha asla. (Yazar çadıra hiç girdi mi acaba?)"
SOCIAL_FAKE_2,Nur Ärger hier. Das Rote Zelt nebenan ist viel besser. Hingehen!,Nothing but trouble here. The red tent next door is far better. Go there!,Burada sadece dert var. Yan taraftaki kırmızı çadır çok daha iyi. Oraya gidin!
SOCIAL_FAKE_3,Eine Katastrophe. Ich warte seit drei Tagen auf mein Bier. Null Sterne wenn ich könnte.,A disaster. I have been waiting three days for my beer. Zero stars if I could.,Tam bir felaket. Üç gündür biramı bekliyorum. Yapabilsem sıfır yıldız verirdim.
MSG_FAKE_NEU,Eine neue Ein-Sterne-Bewertung in der Social-App sieht verdächtig aus. Schau nach und melde sie!,A new one-star review in the social app looks suspicious. Check it and report it!,Sosyal uygulamadaki yeni tek yıldızlı yorum şüpheli görünüyor. Bak ve bildir!
MSG_FAKE_GELOESCHT,Fake-Bewertung gemeldet und gelöscht. Beliebtheit +2 %,Fake review reported and deleted. Popularity +2 %,Sahte yorum bildirildi ve silindi. Popülerlik +%2
HINT_GUSTAV,{interact} Mit Gustav reden,{interact} Talk to Gustav,{interact} Gustav ile konuş
GUSTAV_NAME,Gustav,Gustav,Gustav
GUSTAV_NOCH_NICHT,Kenn ich dich? Nein. Ich kenn dich nicht. Und ich weiß von nix.,Do I know you? No. I don't know you. And I know nothing.,Seni tanıyor muyum? Hayır. Seni tanımıyorum. Ve hiçbir şey bilmiyorum.
GUSTAV_HALLO,"Pst. Du hast mich nie gesehen. Schau in meinen Koffer, aber red leise. Bezahlt wird bar.","Psst. You never saw me. Take a look in my case, but keep your voice down. Cash only.",Pst. Beni hiç görmedin. Çantama bak ama sessiz konuş. Ödeme nakit.
SAB_TITEL,Gustavs Koffer,Gustav's case,Gustav'ın çantası
SAB_INFO,Kasse: %d €,Cash: %d €,Kasa: %d €
SAB_BESITZ,hast: %d,owned: %d,sende: %d
SAB_MANTEL,Mantel,Coat,Palto
SAB_KOMPLETT,Komplettset mit Maske,Full disguise with mask,Maskeli tam kostüm
SAB_FASSBOHRER,Fassbohrer,Barrel drill,Fıçı matkabı
SAB_ZANGE,Zange,Pliers,Pense
SAB_STINKBOMBE,Stinkbombe,Stink bomb,Kokulu bomba
SAB_JUCKPULVER,Juckpulver,Itching powder,Kaşıntı tozu
SAB_TARNUNG_AN,Tarnung ausziehen,Take off disguise,Kılığı çıkar
SAB_TARNUNG_AUS,Tarnung anziehen,Put on disguise,Kılığı giy
SAB_SCHLIESSEN,Schließen (Esc),Close (Esc),Kapat (Esc)
MSG_SAB_GEKAUFT,Bei Gustav gekauft: %s für %s,Bought from Gustav: %s for %s,Gustav'dan alındı: %s için %s
HINT_SAB_FASS,{interact} Fass anbohren,{interact} Drill the barrel,{interact} Fıçıyı delmek
HINT_SAB_STROM,{interact} Sicherungskasten kappen,{interact} Cut the fuse box,{interact} Sigorta kutusunu kes
HINT_SAB_STINK,{interact} Stinkbombe zünden,{interact} Light the stink bomb,{interact} Kokulu bombayı patlat
HINT_SAB_JUCK,{interact} Juckpulver auf die Bänke streuen,{interact} Sprinkle itching powder on the benches,{interact} Sıralara kaşıntı tozu serp
MSG_SAB_KEIN_WERKZEUG,Dazu fehlt dir das Werkzeug: %s. Gustav hat es.,You are missing the tool: %s. Gustav has it.,Aletin yok: %s. Gustav'da var.
MSG_SAB_HEUTE_SCHON,"Das hast du heute schon gemacht. Konrad wird misstrauisch, lass es morgen wieder.","You already did that today. Konrad is getting suspicious, try again tomorrow.","Bunu bugün zaten yaptın. Konrad şüpheleniyor, yarın tekrar dene."
MSG_SAB_ERWISCHT,Erwischt! Konrad hat dich gesehen. Bußgeld %s und Rauswurf.,Caught! Konrad saw you. Fine %s and thrown out.,Yakalandın! Konrad seni gördü. Ceza %s ve dışarı atıldın.
MSG_SAB_FASS,Konrads Fass läuft aus. Gäste wandern zu dir ab: +%s,Konrad's barrel is leaking. Guests move over to you: +%s,Konrad'ın fıçısı akıyor. Misafirler sana geçiyor: +%s
MSG_SAB_STROM,Bei Konrad geht das Licht aus. Gäste wandern zu dir ab: +%s,The lights go out at Konrad's. Guests move over to you: +%s,Konrad'da ışıklar söndü. Misafirler sana geçiyor: +%s
MSG_SAB_STINK,Bei Konrad stinkt es erbärmlich. Gäste wandern zu dir ab: +%s,It stinks terribly at Konrad's. Guests move over to you: +%s,Konrad'da korkunç kokuyor. Misafirler sana geçiyor: +%s
MSG_SAB_JUCK,Bei Konrad kratzt sich alles. Gäste wandern zu dir ab: +%s,Everyone at Konrad's is scratching. Guests move over to you: +%s,Konrad'da herkes kaşınıyor. Misafirler sana geçiyor: +%s
MSG_SAB_RACHE,Konrad schlägt zurück. Heute ist mit einem Streich zu rechnen!,Konrad strikes back. Expect a prank today!,Konrad karşılık veriyor. Bugün bir şaka bekle!
HINT_CASINO_TUER,{interact} Zum Türsteher,{interact} Talk to the doorman,{interact} Kapıcıyla konuş
HINT_CASINO_ROULETTE,{interact} Roulette spielen,{interact} Play roulette,{interact} Rulet oyna
MSG_CASINO_REIN,"Der Türsteher mustert dich, nickt und lässt dich ins Casino. Mit Tarnung kommst du rein.","The doorman looks you over, nods and lets you into the casino. The disguise worked.","Kapıcı seni süzer, başını sallar ve seni kumarhaneye alır. Kılık işe yaradı."
MSG_CASINO_RAUS,Dich kenn ich doch! Raus hier. Ohne Tarnung kommst du nicht rein.,I know you! Get out. You won't get in without a disguise.,Seni tanıyorum! Defol. Kılıksız giremezsin.
CROUPIER_NAME,Croupier,Croupier,Krupiye
CROUPIER_FRAGE,Faites vos jeux. Einsatz 50 €. Rot oder Schwarz?,Faites vos jeux. Stake 50 €. Red or black?,Faites vos jeux. Bahis 50 €. Kırmızı mı siyah mı?
CROUPIER_ROT,Rot,Red,Kırmızı
CROUPIER_SCHWARZ,Schwarz,Black,Siyah
CROUPIER_GRUEN,Grün,Green,Yeşil
MSG_ROULETTE_GEWONNEN,"Roulette: die %d, %s. Gewonnen: +%s aus Konrads Bank!","Roulette: %d, %s. You win +%s from Konrad's bank!","Rulet: %d, %s. Konrad'ın bankasından +%s kazandın!"
MSG_ROULETTE_VERLOREN,"Roulette: die %d, %s. Verloren: -%s an Konrads Bank.","Roulette: %d, %s. You lose -%s to Konrad's bank.","Rulet: %d, %s. Konrad'ın bankasına -%s kaybettin."
Q_3_4B_TITLE,Das Hinterzimmer,The back room,Arka oda
Q_3_4B_TEXT,"Der Saboteur ist zu Konrads Zelt geflohen. Hinter seinem Zelt gibt es ein Casino. Kauf bei Gustav ein Komplettset als Tarnung, lass dich vom Türsteher einlassen und spiel eine Runde Roulette.","The saboteur fled to Konrad's tent. There is a casino behind his tent. Buy a full disguise from Gustav, get past the doorman and play a round of roulette.","Sabotajcı Konrad'ın çadırına kaçtı. Çadırının arkasında bir kumarhane var. Gustav'dan tam kılık al, kapıcıdan geç ve bir tur rulet oyna."
HINT_CASINO_BLACKJACK,{interact} Blackjack spielen,{interact} Play blackjack,{interact} Blackjack oyna
BJ_FRAGE,"Blackjack gegen die Bank. Einsatz 50 €. Wer 21 am nächsten kommt, ohne drüber zu gehen, gewinnt.",Blackjack against the bank. Stake 50 €. Whoever gets closest to 21 without going over wins.,Banka karşı blackjack. Bahis 50 €. 21'e en çok yaklaşan ve geçmeyen kazanır.
BJ_SPIELEN,Spielen,Play,Oyna
BJ_NEIN,Lieber nicht,Better not,Boş ver
BJ_KARTE,Karte,Hit,Kart
BJ_HALTEN,Halten,Stand,Dur
BJ_STAND,"Bank: %s (%d)
Du: %s (%d)","Bank: %s (%d)
You: %s (%d)","Banka: %s (%d)
Sen: %s (%d)"
BJ_BLACKJACK,Blackjack! Du gewinnst %s.,Blackjack! You win %s.,Blackjack! %s kazandın.
BJ_GEWONNEN,Gewonnen: %s aus Konrads Bank.,You win %s from Konrad's bank.,Konrad'ın bankasından %s kazandın.
BJ_UNENTSCHIEDEN,Unentschieden: der Einsatz bleibt bei dir (%s).,A tie: your stake stays with you (%s).,Berabere: bahsin sende kalır (%s).
BJ_VERLOREN,Verloren: %s an Konrads Bank.,You lose %s to Konrad's bank.,Konrad'ın bankasına %s kaybettin.
BJ_UEBERKAUFT,Überkauft! %s an Konrads Bank.,Bust! %s to Konrad's bank.,Patladın! Konrad'ın bankasına %s.
Q_G-7_TITLE,Falschgeld,Counterfeit money,Sahte para
Q_G-7_TEXT,"Ein Fälscher bringt falsche Scheine unter die Leute und flüchtet, sobald jemand näher kommt. Hol ihn ein (mit Sprint), pack ihn mit E und trag ihn zu einem Security-Posten.","A forger spreads fake notes and runs as soon as someone gets close. Catch him (sprint), grab him with E and carry him to a security post.","Bir sahtekâr sahte banknotları dağıtıyor ve biri yaklaşınca kaçıyor. Onu yakala (koşarak), E ile tut ve bir güvenlik noktasına taşı."
MAIL_G7_BETREFF,Falsche Fuffziger,Fake fifties,Sahte ellilikler
MAIL_G7_TEXT,"Servus,

auf der Kirmes tauchen falsche Scheine auf. Ein Kerl mit Melone und Monokel bezahlt überall damit und verschwindet. Schnapp ihn dir, bevor er unser Zelt erreicht, und bring ihn zu einem Security-Posten. Er rennt, sobald du näher kommst.
Ich leg dir 350 € drauf.

Horst","Hi,

fake banknotes are showing up at the fair. A guy with a bowler hat and a monocle pays with them everywhere and disappears. Catch him before he reaches our tent and bring him to a security post. He runs as soon as you get close.
I will add €350.

Horst","Selam,

fuarda sahte banknotlar çıkıyor. Melon şapkalı ve monokollü biri her yerde bunlarla ödeme yapıp kayboluyor. Çadırımıza varmadan onu yakala ve bir güvenlik noktasına getir. Yaklaşınca kaçıyor.
Üstüne 350 € koyarım.

Horst"
MAIL_G7_A1,"Gern, mach ich.","Gladly, I will.",Memnuniyetle.
MAIL_G7_A2,Heute nicht.,Not today.,Bugün olmaz.
Q_G-8_TITLE,Gestohlene Krüge,Stolen mugs,Çalınan kupalar
Q_G-8_TEXT,"Jemand klaut Maßkrüge von den Tischen und rennt damit durch die Menge. Verfolg ihn (mit Sprint), pack ihn mit E und trag ihn zu einem Security-Posten.","Someone is stealing mugs from the tables and running through the crowd. Chase him (sprint), grab him with E and carry him to a security post.","Biri masalardan kupa çalıp kalabalığın içinden kaçıyor. Onu kovala (koşarak), E ile tut ve bir güvenlik noktasına taşı."
MAIL_G8_BETREFF,Wo sind die Krüge hin?,Where did the mugs go?,Kupalar nereye gitti?
MAIL_G8_TEXT,"Servus,

an den Buden fehlen Maßkrüge, und die Wirte sind sauer. Ein Kerl mit grünem Fischerhut räumt die Tische ab und läuft davon. Fang ihn und bring ihn zu einem Security-Posten. Mit Sprint holst du ihn ein.
Ich leg dir 300 € drauf.

Horst","Hi,

mugs are missing at the stalls and the landlords are angry. A guy with a green fisherman's hat clears the tables and runs off. Catch him and bring him to a security post. You can catch him by sprinting.
I will add €300.

Horst","Selam,

büfelerde kupalar eksik ve işletmeciler kızgın. Yeşil balıkçı şapkalı biri masaları boşaltıp kaçıyor. Onu yakala ve bir güvenlik noktasına getir. Koşarak yetişirsin.
Üstüne 300 € koyarım.

Horst"
MAIL_G8_A1,"Gern, mach ich.","Gladly, I will.",Memnuniyetle.
MAIL_G8_A2,Heute nicht.,Not today.,Bugün olmaz.
Q_G-9_TITLE,Der Reporter,The reporter,Muhabir
Q_G-9_TEXT,"Eine Reporterin schleicht mit Kamera über die Kirmes und sucht Skandale. Such sie, pack sie mit E und trag sie zu einem Security-Posten, bevor etwas in der Zeitung steht.","A reporter sneaks around the fair with a camera looking for scandals. Find her, grab her with E and carry her to a security post before anything makes the paper.","Bir muhabir kamerayla fuarda skandal arıyor. Onu bul, E ile tut ve gazeteye bir şey çıkmadan bir güvenlik noktasına taşı."
MAIL_G9_BETREFF,Presse auf der Kirmes,Press at the fair,Fuarda basın
MAIL_G9_TEXT,"Servus,

eine Reporterin mit Schiebermütze und Kamera schnüffelt auf der Kirmes herum. Konrad hat sie bestimmt geschickt. Such sie, pack sie und bring sie zu einem Security-Posten, bevor sie etwas Peinliches fotografiert.
Ich leg dir 300 € drauf.

Horst","Hi,

a reporter with a flat cap and a camera is snooping around the fair. Konrad surely sent her. Find her, grab her and bring her to a security post before she photographs something embarrassing.
I will add €300.

Horst","Selam,

işçi şapkalı ve kameralı bir muhabir fuarda dolaşıyor. Onu kesin Konrad gönderdi. Utanç verici bir şey çekmeden önce onu bul, tut ve bir güvenlik noktasına getir.
Üstüne 300 € koyarım.

Horst"
MAIL_G9_A1,"Gern, mach ich.","Gladly, I will.",Memnuniyetle.
MAIL_G9_A2,Heute nicht.,Not today.,Bugün olmaz.
Q_N-2-4_TITLE,Happy Hour,Happy hour,Mutlu saat
Q_N-2-4_TEXT,Morgen gibt es eine Happy Hour mit billigem Bier. Verkaufe in dieser Stunde 40 Maß.,Tomorrow there is a happy hour with cheap beer. Sell 40 mugs in that hour.,Yarın ucuz biralı bir mutlu saat var. O saatte 40 kupa sat.
MAIL_M2_17_BETREFF,Happy Hour,Happy hour,Mutlu saat
MAIL_M2_17_TEXT,"Servus,

morgen machen wir eine Happy Hour: billiges Bier, volles Zelt. Schaffst du in dieser einen Stunde 40 Maß, spendier ich dir was.

Horst","Hi,

tomorrow we run a happy hour: cheap beer, packed tent. If you sell 40 mugs in that one hour, I will treat you.

Horst","Selam,

yarın bir mutlu saat yapıyoruz: ucuz bira, dolu çadır. O bir saatte 40 kupa satarsan sana ikram ederim.

Horst"
MAIL_M2_17_A1,"Gern, mach ich.","Gladly, I will.",Memnuniyetle.
MAIL_M2_17_A2,Heute nicht.,Not today.,Bugün olmaz.
DESKTOP_APP_FEST,Fest,Festival,Şenlik
FEST_SUB,Plane das große Fest,Plan the big festival,Büyük şenliği planla
FEST_STATUS_MOEGLICH,Du kannst ein Fest für morgen planen.,You can plan a festival for tomorrow.,Yarın için bir şenlik planlayabilirsin.
FEST_STATUS_PAUSE,Das nächste Fest ist ab Tag %d möglich.,The next festival is possible from day %d.,Bir sonraki şenlik %d. günden itibaren mümkün.
FEST_STATUS_GEPLANT,Fest geplant für Tag %d: %s,Festival planned for day %d: %s,Şenlik %d. gün için planlandı: %s
FEST_RUHM,Festruhm: %d · Rang: %s · Konrads Festruhm: %d,Festival fame: %d · Rank: %s · Konrad's fame: %d,Şenlik şöhreti: %d · Rütbe: %s · Konrad'ın şöhreti: %d
FEST_MOTTO_TITEL,Motto,Theme,Tema
FEST_BAND_TITEL,Band,Band,Grup
FEST_FEUER_TITEL,Feuerwerk,Fireworks,Havai fişek
FEST_EXTRAS_TITEL,Extras,Extras,Ekstralar
FEST_MOTTO_0,Trachtenfest,Costume festival,Kıyafet şenliği
FEST_MOTTO_1,Bierfest,Beer festival,Bira şenliği
FEST_MOTTO_2,Italienische Nacht,Italian night,İtalyan gecesi
FEST_MOTTO_3,Rockabend,Rock night,Rock gecesi
FEST_MOTTO_4,Familienfest,Family festival,Aile şenliği
FEST_BAND_1,Straßenmusiker · %s,Street musician · %s,Sokak müzisyeni · %s
FEST_BAND_2,Blaskapelle · %s,Brass band · %s,Bando · %s
FEST_BAND_3,Star-Act · %s,Star act · %s,Yıldız grup · %s
FEST_FEUER_0,Keins,None,Yok
FEST_FEUER_1,Klein · %s,Small · %s,Küçük · %s
FEST_FEUER_2,Mittel · %s,Medium · %s,Orta · %s
FEST_FEUER_3,Groß · %s,Large · %s,Büyük · %s
FEST_DEKO,Dekoration · %s,Decoration · %s,Dekorasyon · %s
FEST_WERBUNG,Werbung und Plakate · %s,Advertising and posters · %s,Reklam ve afişler · %s
FEST_HILFE,Aushilfen · %s,Temporary staff · %s,Geçici personel · %s
FEST_SUMME,Summe: %s,Total: %s,Toplam: %s
FEST_PLANEN,Fest für morgen planen,Plan the festival for tomorrow,Yarınki şenliği planla
FEST_RANG_0,Dorffest,Village fair,Köy şenliği
FEST_RANG_1,Stadtfest,City festival,Şehir şenliği
FEST_RANG_2,Landesfest,State festival,Eyalet şenliği
FEST_RANG_3,Festival-Highlight,Festival highlight,Şenlik doruğu
FEST_RANG_4,Weltfest,World festival,Dünya şenliği
MSG_FEST_GEPLANT,Fest für morgen geplant und bezahlt: %s,Festival planned and paid for tomorrow: %s,Yarınki şenlik planlandı ve ödendi: %s
MSG_FEST_HEUTE,Heute ist Festtag: %s! Die Band steht bereit.,Today is festival day: %s! The band is ready.,Bugün şenlik günü: %s! Grup hazır.
MSG_FEST_FEUERWERK_ZEIT,21 Uhr: Das Feuerwerk beginnt! Die Gäste jubeln.,9 pm: the fireworks begin! The guests cheer.,Saat 21: Havai fişek başlıyor! Misafirler tezahürat yapıyor.
MSG_FEST_BILANZ,Festbilanz: +%d Festruhm. Rang: %s,Festival result: +%d fame. Rank: %s,Şenlik sonucu: +%d şöhret. Rütbe: %s
QUESTS_MEISTER,Meister-Liste %d/%d,Master list %d/%d,Usta listesi %d/%d
MEISTER_TITEL,Titel: Fest-Meister,Title: Festival Master,Unvan: Şenlik Ustası
MEISTER_STORY,Die Geschichte bis zum großen Fest,The story up to the great festival,Büyük şenliğe kadar hikâye
MEISTER_GEFALLEN,Alle Gefallen von Horst erledigt,All of Horst's favours done,Horst'un tüm iyiliklerini yap
MEISTER_TURNIER,Alle Turnierstufen gegen Konrad gewonnen,Won all tournament rounds against Konrad,Konrad'a karşı tüm turnuva turlarını kazan
MEISTER_REZEPT,Alle drei Rezeptseiten,All three recipe pages,Üç tarif sayfasının hepsi
MEISTER_MEISTERBIER,Ein Fass Meisterbräu abgefüllt,Bottled a barrel of master brew,Bir fıçı usta birası doldur
MEISTER_ZELT,Das Riesenzelt (Zeltstufe 4),The giant tent (tent level 4),Dev çadır (çadır seviyesi 4)
MEISTER_PERSONAL,Jede Personalrolle einmal eingestellt,Hired every staff role once,Her personel rolünü bir kez işe al
MEISTER_FEST,Das Fest bis zum Weltfest ausgebaut,Built the festival up to the world festival,Şenliği dünya şenliğine kadar büyüt
MEISTER_CASINO,Roulette und Blackjack gespielt,Played roulette and blackjack,Rulet ve blackjack oyna
MEISTER_SABOTAGE,Konrad einmal sabotiert,Sabotaged Konrad once,Konrad'ı bir kez sabote et
MEISTER_FAKE,Eine Fake-Bewertung gemeldet,Reported a fake review,Bir sahte yorumu bildir
MEISTER_KONTROLLE,Hygienekontrolle bestanden,Passed a hygiene inspection,Hijyen denetimini geç
MEISTER_SCHULDEN,Sepps Schulden bezahlt,Paid off Sepp's debts,Sepp'in borçlarını öde
MSG_MEISTER_TITEL,Meister-Liste komplett: Du bist Fest-Meister!,Master list complete: you are Festival Master!,Usta listesi tamam: Şenlik Ustası oldun!
DESKTOP_APP_WAGEN,Wohnwagen,Caravan,Karavan
WAGEN_SUB,Mach dein Zuhause gemütlich,Make your home cosy,Evini rahat yap
WAGEN_PRESTIGE,Prestige: %d von 6 · jedes Stück zählt beim Festruhm mit,Prestige: %d of 6 · every piece counts towards festival fame,Prestij: 6 üzerinden %d · her parça şenlik şöhretine sayılır
WAGEN_BETT,Bett,Bed,Yatak
WAGEN_BETT_INFO,Stufe %d · ausgeschlafen: %d %% mehr Tempo,Level %d · well rested: %d %% more speed,Seviye %d · dinlenmiş: %%%d daha hızlı
WAGEN_BETT_AUF,Bett verbessern · %s,Upgrade bed · %s,Yatağı geliştir · %s
WAGEN_BETT_MAX,Bett: beste Stufe,Bed: best level,Yatak: en iyi seviye
WAGEN_SOFA,Sofa,Sofa,Kanepe
WAGEN_POSTER,Poster,Poster,Poster
WAGEN_PFLANZE,Zimmerpflanze,Houseplant,Salon bitkisi
WAGEN_REGAL,Trophäenregal,Trophy shelf,Kupa rafı
WAGEN_KAUFEN,%s kaufen · %s,Buy %s · %s,%s satın al · %s
WAGEN_GEKAUFT,"%s (gekauft, steht im Wohnwagen)","%s (bought, in the caravan)","%s (satın alındı, karavanda)"
MSG_WAGEN_GEKAUFT,Für den Wohnwagen gekauft: %s für %s,Bought for the caravan: %s for %s,Karavan için alındı: %s için %s
MEISTER_WAGEN,Wohnwagen komplett ausgebaut,Caravan fully fitted out,Karavan tamamen döşendi
DESKTOP_APP_AUSBAU,Ausbau,Expansion,Genişleme
AUSBAU_SUB,Große Investitionen fürs Zelt,Big investments for the tent,Çadır için büyük yatırımlar
AUSBAU_INFO,Jeder Ausbau gilt dauerhaft. Kaufen geht nach Feierabend.,Every expansion is permanent. Buy after closing time.,Her genişleme kalıcıdır. Mesai bitiminden sonra satın al.
AUSBAU_BIERGARTEN,Biergarten,Beer garden,Bira bahçesi
AUSBAU_VIP,VIP-Lounge,VIP lounge,VIP salonu
AUSBAU_THEKE2,Zweite Theke,Second bar,İkinci bar
AUSBAU_BUEHNE,Größere Bühne,Bigger stage,Daha büyük sahne
AUSBAU_HANDEL,Bierhandel,Beer trade,Bira ticareti
AUSBAU_KONRAD,Konrads Zelt aufkaufen,Buy out Konrad's tent,Konrad'ın çadırını satın al
AUSBAU_BIERGARTEN_INFO,12 % mehr Andrang,12 % more guests,%12 daha fazla misafir
AUSBAU_VIP_INFO,dreimal so viele VIP-Gäste mit dickem Trinkgeld,three times as many VIP guests with fat tips,bol bahşişli üç kat VIP misafir
AUSBAU_THEKE2_INFO,Zapfer arbeiten 30 % schneller,Bartenders work 30 % faster,Barmenler %30 daha hızlı çalışır
AUSBAU_BUEHNE_INFO,Beliebtheitsgrenze +5 %,Popularity cap +5 %,Popülerlik sınırı +%5
AUSBAU_HANDEL_INFO,Nachts gehen bis zu 12 Maß eigenes Bier an andere Zelte (mit Aufschlag),At night up to 12 mugs of your own beer go to other tents (at a premium),Geceleri en fazla 12 kupa kendi biran diğer çadırlara gider (fiyat farkıyla)
AUSBAU_KONRAD_INFO,"Konrad ärgert dich nicht mehr, sein Zelt bringt täglich Pacht","Konrad stops bothering you, his tent pays rent every day","Konrad seni rahatsız etmez, çadırı her gün kira öder"
AUSBAU_KAUFEN,Kaufen · %s,Buy · %s,Satın al · %s
AUSBAU_DA,Gebaut,Built,İnşa edildi
MSG_AUSBAU_GEKAUFT,Ausgebaut: %s für %s,Expanded: %s for %s,Genişletildi: %s için %s
MSG_AUSBAU_KONRAD,Konrads Zelt gehört jetzt dir. Er hat keine Streiche mehr übrig.,Konrad's tent is yours now. He is out of pranks.,Konrad'ın çadırı artık senin. Şakaları bitti.
MSG_AUSBAU_HANDEL,Bierhandel: %d Maß an andere Zelte verkauft für %s,Beer trade: sold %d mugs to other tents for %s,Bira ticareti: %d kupa diğer çadırlara %s karşılığında satıldı
MSG_AUSBAU_PACHT,Pacht von Konrads Zelt: +%s,Rent from Konrad's tent: +%s,Konrad'ın çadırından kira: +%s
MEISTER_AUSBAU,Alle Ausbauten gebaut,Built every expansion,Tüm genişlemeleri yap
ABSENDER_BUDE,Budenbesitzer,Stall owner,Büfe sahibi
Q_K-1_TITLE,Rekord: Hau den Lukas,Record: Strongman game,Rekor: Lukas'ı vur
Q_K-1_TEXT,Erreiche an der Bude 9 oder mehr Punkte (Hau den Lukas). Dein bestes Ergebnis zählt.,Reach 9 or more points at the stall (Strongman game). Your best score counts.,Büfede 9 veya daha fazla puan yap (Lukas'ı vur). En iyi skorun sayılır.
MAIL_K1_BETREFF,Rekord gesucht: Hau den Lukas,Record wanted: Strongman game,Rekor aranıyor: Lukas'ı vur
MAIL_K1_TEXT,"Servus, der Lukas hier! Alle schlagen schwach zu. Bring den Schlitten mit einem Schlag ganz nach oben, mindestens 9 Punkte, dann gibt's Geld von mir.

Bis bald auf der Kirmes","Hi, Lukas here! Everyone hits weakly. Send the puck right to the top with a single swing, at least 9 points, and I will pay you.

See you at the fair","Selam, ben Lukas! Herkes zayıf vuruyor. Tek vuruşta en az 9 puan al, sana para veririm.

Fuarda görüşürüz"
MAIL_K1_A1,"Gern, ich komm vorbei.","Gladly, I will drop by.","Memnuniyetle, uğrarım."
MAIL_K1_A2,Heute nicht.,Not today.,Bugün olmaz.
Q_K-2_TITLE,Rekord: Dosenwerfen,Record: Can toss,Rekor: Teneke atma
Q_K-2_TEXT,Erreiche an der Bude 8 oder mehr Punkte (Dosenwerfen). Dein bestes Ergebnis zählt.,Reach 8 or more points at the stall (Can toss). Your best score counts.,Büfede 8 veya daha fazla puan yap (Teneke atma). En iyi skorun sayılır.
MAIL_K2_BETREFF,Rekord gesucht: Dosenwerfen,Record wanted: Can toss,Rekor aranıyor: Teneke atma
MAIL_K2_TEXT,"Servus, vom Dosenwurf! Keiner räumt mir die Dosen ab. Wirf mindestens 8 Punkte, dann spendiere ich dir was.

Bis bald auf der Kirmes","Hi, from the can toss! Nobody clears my cans. Score at least 8 points and I will treat you.

See you at the fair","Selam, teneke atmadan! Kimse tenekelerimi devirmiyor. En az 8 puan yap, sana ikram ederim.

Fuarda görüşürüz"
MAIL_K2_A1,"Gern, ich komm vorbei.","Gladly, I will drop by.","Memnuniyetle, uğrarım."
MAIL_K2_A2,Heute nicht.,Not today.,Bugün olmaz.
Q_K-3_TITLE,Rekord: Schießbude,Record: Shooting gallery,Rekor: Atış standı
Q_K-3_TEXT,Erreiche an der Bude 9 oder mehr Punkte (Schießbude). Dein bestes Ergebnis zählt.,Reach 9 or more points at the stall (Shooting gallery). Your best score counts.,Büfede 9 veya daha fazla puan yap (Atış standı). En iyi skorun sayılır.
MAIL_K3_BETREFF,Rekord gesucht: Schießbude,Record wanted: Shooting gallery,Rekor aranıyor: Atış standı
MAIL_K3_TEXT,"Servus, von der Schießbude! Ich habe nie einen echten Meisterschützen gesehen. Triff mindestens 9 von 10, dann zahle ich.

Bis bald auf der Kirmes","Hi, from the shooting gallery! I have never seen a real marksman. Hit at least 9 out of 10 and I will pay.

See you at the fair","Selam, atış standından! Hiç gerçek bir nişancı görmedim. 10'da en az 9 vur, ödeyeyim.

Fuarda görüşürüz"
MAIL_K3_A1,"Gern, ich komm vorbei.","Gladly, I will drop by.","Memnuniyetle, uğrarım."
MAIL_K3_A2,Heute nicht.,Not today.,Bugün olmaz.
Q_K-4_TITLE,Rekord: Entenangeln,Record: Duck fishing,Rekor: Ördek avı
Q_K-4_TEXT,Erreiche an der Bude 7 oder mehr Punkte (Entenangeln). Dein bestes Ergebnis zählt.,Reach 7 or more points at the stall (Duck fishing). Your best score counts.,Büfede 7 veya daha fazla puan yap (Ördek avı). En iyi skorun sayılır.
MAIL_K4_BETREFF,Rekord gesucht: Entenangeln,Record wanted: Duck fishing,Rekor aranıyor: Ördek avı
MAIL_K4_TEXT,"Servus, vom Entenangeln! Meine Enten sind zu schlau für die Leute. Angle mindestens 7 Punkte, dann gibt's was.

Bis bald auf der Kirmes","Hi, from duck fishing! My ducks are too clever for the people. Catch at least 7 points and there is a reward.

See you at the fair","Selam, ördek avından! Ördeklerim insanlar için fazla akıllı. En az 7 puan yakala, ödül var.

Fuarda görüşürüz"
MAIL_K4_A1,"Gern, ich komm vorbei.","Gladly, I will drop by.","Memnuniyetle, uğrarım."
MAIL_K4_A2,Heute nicht.,Not today.,Bugün olmaz.
Q_K-5_TITLE,Rekord: Kegeln,Record: Bowling,Rekor: Bowling
Q_K-5_TEXT,Erreiche an der Bude 8 oder mehr Punkte (Kegeln). Dein bestes Ergebnis zählt.,Reach 8 or more points at the stall (Bowling). Your best score counts.,Büfede 8 veya daha fazla puan yap (Bowling). En iyi skorun sayılır.
MAIL_K5_BETREFF,Rekord gesucht: Kegeln,Record wanted: Bowling,Rekor aranıyor: Bowling
MAIL_K5_TEXT,"Servus, von der Kegelbahn! Die Kegel stehen zu lange. Schaff mindestens 8 Punkte, ich zahl dafür.

Bis bald auf der Kirmes","Hi, from the bowling lane! The pins stand too long. Score at least 8 points and I will pay for it.

See you at the fair","Selam, bowling pistinden! Labutlar çok uzun duruyor. En az 8 puan yap, ödeyeyim.

Fuarda görüşürüz"
MAIL_K5_A1,"Gern, ich komm vorbei.","Gladly, I will drop by.","Memnuniyetle, uğrarım."
MAIL_K5_A2,Heute nicht.,Not today.,Bugün olmaz.
Q_K-6_TITLE,Rekord: Pfeilwurf,Record: Darts,Rekor: Dart
Q_K-6_TEXT,Erreiche an der Bude 7 oder mehr Punkte (Pfeilwurf). Dein bestes Ergebnis zählt.,Reach 7 or more points at the stall (Darts). Your best score counts.,Büfede 7 veya daha fazla puan yap (Dart). En iyi skorun sayılır.
MAIL_K6_BETREFF,Rekord gesucht: Pfeilwurf,Record wanted: Darts,Rekor aranıyor: Dart
MAIL_K6_TEXT,"Servus, vom Pfeilwurf! Die Luftballons halten sich zu gut. Triff mindestens 7 Punkte, dann gibt's Geld.

Bis bald auf der Kirmes","Hi, from the darts! The balloons last too long. Score at least 7 points and there is money in it.

See you at the fair","Selam, dart standından! Balonlar çok dayanıyor. En az 7 puan yap, para var.

Fuarda görüşürüz"
MAIL_K6_A1,"Gern, ich komm vorbei.","Gladly, I will drop by.","Memnuniyetle, uğrarım."
MAIL_K6_A2,Heute nicht.,Not today.,Bugün olmaz.
Q_K-7_TITLE,Rekord: Ringwurf,Record: Ring toss,Rekor: Halka atma
Q_K-7_TEXT,Erreiche an der Bude 7 oder mehr Punkte (Ringwurf). Dein bestes Ergebnis zählt.,Reach 7 or more points at the stall (Ring toss). Your best score counts.,Büfede 7 veya daha fazla puan yap (Halka atma). En iyi skorun sayılır.
MAIL_K7_BETREFF,Rekord gesucht: Ringwurf,Record wanted: Ring toss,Rekor aranıyor: Halka atma
MAIL_K7_TEXT,"Servus, vom Ringwurf! Kein Ring bleibt hängen. Schaff mindestens 7 Punkte und ich zahl dir was.

Bis bald auf der Kirmes","Hi, from the ring toss! No ring ever sticks. Score at least 7 points and I will pay you.

See you at the fair","Selam, halka atmadan! Hiçbir halka takılmıyor. En az 7 puan yap, ödeyeyim.

Fuarda görüşürüz"
MAIL_K7_A1,"Gern, ich komm vorbei.","Gladly, I will drop by.","Memnuniyetle, uğrarım."
MAIL_K7_A2,Heute nicht.,Not today.,Bugün olmaz.
MS_KAPITEL_2_TITLE,Das Zelt läuft,The tent is running,Çadır işliyor
MS_KAPITEL_2_TEXT,Schließe Kapitel 1 ab.,Finish chapter 1.,1. bölümü bitir.
MS_KAPITEL_3_TITLE,Konrads Spiele,Konrad's games,Konrad'ın oyunları
MS_KAPITEL_3_TEXT,Schließe Kapitel 2 ab.,Finish chapter 2.,2. bölümü bitir.
MS_KAPITEL_4_TITLE,Das eigene Bier,Your own beer,Kendi biran
MS_KAPITEL_4_TEXT,Schließe Kapitel 3 ab.,Finish chapter 3.,3. bölümü bitir.
MS_KAPITEL_5_TITLE,Das große Zelt,The big tent,Büyük çadır
MS_KAPITEL_5_TEXT,Schließe Kapitel 4 ab.,Finish chapter 4.,4. bölümü bitir.
MS_GESCHICHTE_FERTIG_TITLE,Geschichte abgeschlossen,Story complete,Hikâye tamam
MS_GESCHICHTE_FERTIG_TEXT,Feiere das große Fest und schließe Kapitel 5 ab.,Celebrate the great festival and finish chapter 5.,Büyük şenliği kutla ve 5. bölümü bitir.
MS_GEFALLEN_5_TITLE,Horsts Helfer,Horst's helper,Horst'un yardımcısı
MS_GEFALLEN_5_TEXT,Erledige fünf verschiedene Gefallen.,Do five different favours.,Beş farklı iyilik yap.
MS_GEFALLEN_9_TITLE,Immer zur Stelle,Always there,Her zaman yanında
MS_GEFALLEN_9_TEXT,Erledige neun Gefallen.,Do all nine favours.,Dokuz iyiliğin hepsini yap.
MS_KIRMES_3_TITLE,Kirmes-Held,Fair hero,Fuar kahramanı
MS_KIRMES_3_TEXT,Schaffe drei Rekord-Aufgaben an den Buden.,Beat three record challenges at the stalls.,Büfelerde üç rekor görevini geç.
MS_KIRMES_7_TITLE,Kirmes-Meister,Fair master,Fuar ustası
MS_KIRMES_7_TEXT,Schaffe alle sieben Rekord-Aufgaben.,Beat all seven record challenges.,Yedi rekor görevinin hepsini geç.
MS_SABOTAGE_1_TITLE,Kleiner Streich,A little prank,Küçük şaka
MS_SABOTAGE_1_TEXT,Sabotiere Konrads Zelt zum ersten Mal.,Sabotage Konrad's tent for the first time.,Konrad'ın çadırını ilk kez sabote et.
MS_SABOTAGE_10_TITLE,Meister der Streiche,Master of pranks,Şaka ustası
MS_SABOTAGE_10_TEXT,Sabotiere Konrads Zelt zehnmal.,Sabotage Konrad's tent ten times.,Konrad'ın çadırını on kez sabote et.
MS_CASINO_ROULETTE_TITLE,Rien ne va plus,Rien ne va plus,Rien ne va plus
MS_CASINO_ROULETTE_TEXT,Spiele eine Runde Roulette.,Play a round of roulette.,Bir tur rulet oyna.
MS_CASINO_BLACKJACK_TITLE,Einundzwanzig,Twenty-one,Yirmi bir
MS_CASINO_BLACKJACK_TEXT,Spiele eine Runde Blackjack.,Play a round of blackjack.,Bir tur blackjack oyna.
MS_MEISTERBIER_TITLE,Meisterbräu,Master brew,Usta birası
MS_MEISTERBIER_TEXT,Fülle ein Fass Meisterbräu ab.,Bottle a barrel of master brew.,Bir fıçı usta birası doldur.
MS_FEST_1_TITLE,Das erste Fest,The first festival,İlk şenlik
MS_FEST_1_TEXT,Feiere dein erstes Fest.,Celebrate your first festival.,İlk şenliğini kutla.
MS_FEST_WELT_TITLE,Weltfest,World festival,Dünya şenliği
MS_FEST_WELT_TEXT,Erreiche den höchsten Festrang.,Reach the highest festival rank.,En yüksek şenlik rütbesine ulaş.
MS_FAKE_GEMELDET_TITLE,Sauber gemeldet,Reported clean,Temiz bildirim
MS_FAKE_GEMELDET_TEXT,Melde eine Fake-Bewertung.,Report a fake review.,Bir sahte yorumu bildir.
MS_PERSONAL_ALLE_TITLE,Das ganze Team,The whole team,Tüm ekip
MS_PERSONAL_ALLE_TEXT,Stelle jede Personalrolle einmal ein.,Hire every staff role once.,Her personel rolünü bir kez işe al.
MS_WAGEN_VOLL_TITLE,Zuhause,Home sweet home,Evim güzel evim
MS_WAGEN_VOLL_TEXT,Baue den Wohnwagen komplett aus.,Fully fit out the caravan.,Karavanı tamamen döşe.
MS_AUSBAU_1_TITLE,Es wächst,Growing,Büyüyor
MS_AUSBAU_1_TEXT,Kaufe deinen ersten Ausbau.,Buy your first expansion.,İlk genişlemeni satın al.
MS_AUSBAU_ALLE_TITLE,Imperium,Empire,İmparatorluk
MS_AUSBAU_ALLE_TEXT,"Kaufe alle Ausbauten, auch Konrads Zelt.","Buy every expansion, including Konrad's tent.","Tüm genişlemeleri, Konrad'ın çadırı dahil, satın al."
MS_FEST_MEISTER_TITLE,Fest-Meister,Festival Master,Şenlik Ustası
MS_FEST_MEISTER_TEXT,Schließe die Meister-Liste ab.,Complete the master list.,Usta listesini tamamla.
ZEITUNG_FEST,Fest im Zelt „%s“: %d Gäste feiern,Festival at „%s“: %d guests celebrate,„%s“ çadırında şenlik: %d misafir kutluyor
ZEITUNG_FEST_UNTER,Festrang: %s. Konrad schäumt vor Neid.,Festival rank: %s. Konrad is green with envy.,Şenlik rütbesi: %s. Konrad kıskançlıktan köpürüyor.
ZEITUNG_M_FEST_FEUERWERK,Feuerwerk: Um 21 Uhr erleuchtet der Himmel über dem Zelt.,Fireworks: at 9 pm the sky above the tent lights up.,Havai fişek: Saat 21'de çadırın üzerindeki gökyüzü aydınlanıyor.
ZEITUNG_M_STREICH_LASTER,"Verkehr: Ein Laster blockiert die Einfahrt, Lieferungen werden teurer.","Traffic: a truck blocks the entrance, deliveries get pricier.","Trafik: Bir kamyon girişi kapattı, teslimatlar pahalanıyor."
ZEITUNG_M_STREICH_STROM,Stromausfall: Im Zelt ging für Minuten das Licht aus. Wer war's?,Power cut: the lights went out in the tent for minutes. Who did it?,Elektrik kesintisi: Çadırda dakikalarca ışıklar söndü. Kim yaptı?
ZEITUNG_M_STREICH_DIEB,Diebe: Nachts schleichen Diebe ums Fasslager. Ein Wachmann wäre gut.,Thieves: thieves sneak around the barrel store at night. A guard would help.,Hırsızlar: Geceleri hırsızlar fıçı deposunda dolaşıyor. Bir bekçi iyi olurdu.
ZEITUNG_M_CASINO,Gerücht: Hinter dem Konrad-Zelt hat jemand im Casino gespielt. Verkleidet.,Rumour: someone played in the casino behind Konrad's tent. In disguise.,Söylenti: Konrad'ın çadırının arkasındaki kumarhanede biri oynadı. Kılık değiştirmiş.
ZEITUNG_M_GEFALLEN,Kirmes: Schon %d Gefallen für den Festleiter erledigt. Das Zelt hilft.,Fair: already %d favours done for the fair manager. The tent helps.,Fuar: Fuar müdürü için şimdiden %d iyilik yapıldı. Çadır yardım ediyor.
ZEITUNG_M_KIRMES,Buden: %d Rekorde an den Kirmesbuden geknackt.,Stalls: %d records cracked at the fair stalls.,Büfeler: Fuar büfelerinde %d rekor kırıldı.
ZEITUNG_M_BRAU,Braukunst: Im Zelt lagern %d Maß eigenes Festbier.,Brewing: %d mugs of the tent's own fest beer are in storage.,Biracılık: Çadırda %d kupa kendi festival birası depoda.
ZEITUNG_M_KONRAD_GEKAUFT,Übernahme: Das Konrad-Zelt gehört jetzt dem Festzelt. Kein Zylinder mehr.,Takeover: the Konrad-Zelt now belongs to the festival tent. No more top hat.,Devralma: Konrad çadırı artık şenlik çadırına ait. Silindir şapka yok.
HINT_WUNSCH,{interact} Wunschlied an die Band weitergeben,{interact} Pass the song request to the band,{interact} Şarkı isteğini gruba ilet
MSG_WUNSCH,Eine Tischrunde wünscht sich ein Lied: „%s“. Sag der Band Bescheid (E an der Bühne)!,A table asks for a song: “%s”. Tell the band (E at the stage)!,Bir masa şarkı istiyor: “%s”. Gruba söyle (sahnede E)!
MSG_WUNSCH_OK,"Wunsch erfüllt: „%s“! Die Gäste jubeln, Trinkgeld %s.","Request granted: “%s”! The guests cheer, tip %s.","İstek yerine getirildi: “%s”! Misafirler tezahürat yapıyor, bahşiş %s."
MSG_WUNSCH_VERPASST,Der Wunsch ging unter. Ein paar Gäste murren.,The request was missed. A few guests grumble.,İstek unutuldu. Bazı misafirler homurdanıyor.
WUNSCH_TITEL_0,Das Hoch auf den Wirt,A Toast to the Landlord,Ev Sahibine Kadeh
WUNSCH_TITEL_1,Der Bierfass-Walzer,The Beer Barrel Waltz,Bira Fıçısı Valsi
WUNSCH_TITEL_2,Schunkel-Polka,Swaying Polka,Sallanan Polka
WUNSCH_TITEL_3,Zwiefacher für alle,Zwiefacher for Everyone,Herkes İçin Zwiefacher
WUNSCH_TITEL_4,Das Maßkrug-Lied,The Beer Mug Song,Bira Kupası Şarkısı
GRUPPE_0,Familie,Family,Aile
GRUPPE_1,Stammtisch,Regulars' table,Müdavimler masası
GRUPPE_2,Verein,Club,Dernek
GRUPPE_3,Junggesellenabschied,Bachelor party,Bekârlığa veda
MSG_GRUPPE_DA,Eine Gruppe von %d Gästen ist da: %s. Sie wollen zusammen bedient werden.,A group of %d guests has arrived: %s. They want to be served together.,%d kişilik bir grup geldi: %s. Birlikte servis istiyorlar.
MSG_GRUPPE_BONUS,Gruppe %s komplett bedient: Bonus %s und mehr Stimmung.,Group %s fully served: bonus %s and a better mood.,Grup %s tamamen servis edildi: bonus %s ve daha iyi atmosfer.
MS_WUNSCH_5_TITLE,Wunschkonzert,Request show,İstek konseri
MS_WUNSCH_5_TEXT,Gib fünf Wunschlieder an die Band weiter.,Pass five song requests to the band.,Gruba beş şarkı isteği ilet.
MS_GRUPPEN_10_TITLE,Gruppendynamik,Group dynamics,Grup dinamiği
MS_GRUPPEN_10_TEXT,Bediene zehn Gruppen komplett.,Fully serve ten groups.,On grubu tamamen servis et.
MSG_ZW_HEIRAT,"Heiratsantrag am Tisch! Alle jubeln, das Paar lässt %s springen.","A marriage proposal at a table! Everyone cheers, the couple tips %s.","Masada evlilik teklifi! Herkes tezahürat yapıyor, çift %s bahşiş bırakıyor."
MSG_ZW_HEIRAT_BAND,"Heiratsantrag am Tisch, die Band spielt dazu! Das Paar lässt %s springen.","A marriage proposal at a table, the band plays along! The couple tips %s.","Masada evlilik teklifi, grup eşlik ediyor! Çift %s bahşiş bırakıyor."
MSG_ZW_KARAOKE,Karaoke-Runde! Eine Minute lang bestellen alle schneller nach.,Karaoke round! For a minute everyone orders more quickly.,Karaoke turu! Bir dakika boyunca herkes daha hızlı sipariş veriyor.
MSG_ZW_KARAOKE_ENDE,Die Karaoke-Runde ist vorbei. Die Kehlen sind trocken.,The karaoke round is over. Throats are dry.,Karaoke turu bitti. Boğazlar kurudu.
MSG_ZW_FLIRT,"Flirt am Tisch: Die Stimmung steigt, alle warten geduldiger.","Flirting at a table: the mood rises, everyone waits more patiently.","Masada flört: Hava yükseliyor, herkes daha sabırlı bekliyor."
MSG_ZW_VERSCHUETTET,"Hoppla: Jemand hat Bier verschüttet. Schnell aufwischen, sonst rutscht noch wer aus.",Oops: someone spilled beer. Mop it up before someone slips.,Eyvah: Biri bira döktü. Biri kaymadan sil.
MS_ZWISCHENFALL_10_TITLE,Immer was los,Always something going on,Hep bir şey oluyor
MS_ZWISCHENFALL_10_TEXT,Erlebe zehn Zwischenfälle im Zelt.,Experience ten incidents in the tent.,Çadırda on olay yaşa.
HINT_CASINO_WUERFEL,{interact} Würfeln,{interact} Roll the dice,{interact} Zar at
WUERFEL_FRAGE,Zwei Würfel. Einsatz 50 €. Tief (2 bis 6) und Hoch (8 bis 12) zahlen 1:1 – die Sieben 4:1.,Two dice. Stake 50 €. Low (2 to 6) and high (8 to 12) pay 1:1 – seven pays 4:1.,İki zar. Bahis 50 €. Düşük (2-6) ve yüksek (8-12) 1:1 öder – yedi 4:1 öder.
WUERFEL_TIEF,Tief (2 bis 6),Low (2 to 6),Düşük (2-6)
WUERFEL_SIEBEN,Sieben,Seven,Yedi
WUERFEL_HOCH,Hoch (8 bis 12),High (8 to 12),Yüksek (8-12)
MSG_WUERFEL_GEWONNEN,"Würfel: %d und %d, zusammen %d. Gewonnen: +%s aus Konrads Bank!","Dice: %d and %d, total %d. You win +%s from Konrad's bank!","Zar: %d ve %d, toplam %d. Konrad'ın bankasından +%s kazandın!"
MSG_WUERFEL_VERLOREN,"Würfel: %d und %d, zusammen %d. Verloren: -%s an Konrads Bank.","Dice: %d and %d, total %d. You lose -%s to Konrad's bank.","Zar: %d ve %d, toplam %d. Konrad'ın bankasına -%s kaybettin."
HINT_CASINO_SLOT,{interact} Hebel ziehen (50 €),{interact} Pull the lever (50 €),{interact} Kolu çek (50 €)
MSG_SLOT_GEWONNEN,Automat: Treffer! +%s aus Konrads Bank.,Slot machine: a hit! +%s from Konrad's bank.,Slot makinesi: isabet! Konrad'ın bankasından +%s.
MSG_SLOT_VERLOREN,Automat: nichts. -%s an Konrads Bank.,Slot machine: nothing. -%s to Konrad's bank.,Slot makinesi: boş. Konrad'ın bankasına -%s.
HINT_CASINO_WATTEN,{interact} Watten spielen,{interact} Play Watten,{interact} Watten oyna
WATTEN_TITEL,Watten,Watten,Watten
WATTEN_WARTEN,Die Karten werden gemischt …,Shuffling the cards ...,Kartalar karıştırılıyor ...
WATTEN_STAND,"Stiche: du %d, Bank %d · Einsatz %d €","Tricks: you %d, bank %d · stake %d €","Eller: sen %d, banka %d · bahis %d €"
WATTEN_BANK_SPIELT,Die Bank spielt aus: %s,The bank leads: %s,Banka açıyor: %s
WATTEN_WATTEN,Watten! (Einsatz verdoppeln),Watten! (double the stake),Watten! (bahsi ikiye katla)
WATTEN_NEU,Noch eine Runde,Another round,Bir tur daha
WATTEN_BANK_NIMMT_AN,Die Bank nimmt an. Der Einsatz ist verdoppelt.,The bank accepts. The stake is doubled.,Banka kabul ediyor. Bahis ikiye katlandı.
WATTEN_BANK_GIBT_AUF,Die Bank gibt auf! Du gewinnst %d €.,The bank folds! You win %d €.,Banka pes ediyor! %d € kazandın.
WATTEN_GEWONNEN,Zwei Stiche geholt! Du gewinnst %d €.,Two tricks taken! You win %d €.,İki el aldın! %d € kazandın.
WATTEN_VERLOREN,Die Bank holt zwei Stiche. Du verlierst %d €.,The bank takes two tricks. You lose %d €.,Banka iki el aldı. %d € kaybettin.
WATTEN_R0,Sieben,Seven,Yedi
WATTEN_R1,Acht,Eight,Sekiz
WATTEN_R2,Neun,Nine,Dokuz
WATTEN_R3,Zehn,Ten,On
WATTEN_R4,Unter,Jack,Vale
WATTEN_R5,Ober,Queen,Kız
WATTEN_R6,König,King,Papaz
WATTEN_R7,Ass,Ace,As
HINT_HOCHZEIT_AUFHAENGEN,{interact} Girlande aufhängen,{interact} Hang the garland,{interact} Çelengi as
HINT_TELLER_SAMMELN,{interact} Brezn-Teller einsammeln,{interact} Collect the pretzel plate,{interact} Simit tabağını topla
Q_G-10_TITLE,Hochzeit auf der Kirmes,Wedding at the fair,Fuarda düğün
Q_G-10_TEXT,"Ein Brautpaar feiert auf der Kirmes. Hänge vier Girlanden an den Buden auf (E), bevor die Zeit abläuft.",A bride and groom are celebrating at the fair. Hang four garlands at the stalls (E) before time runs out.,Bir gelin ve damat fuarda kutluyor. Süre dolmadan büfelere dört çelenk as (E).
MAIL_G10_BETREFF,Hochzeit im Anmarsch,A wedding is coming,Düğün geliyor
MAIL_G10_TEXT,"Servus,

heute Nachmittag heiratet ein Paar bei uns auf der Kirmes und niemand hat geschmückt. Häng an den Buden vier Girlanden auf, bevor die Gesellschaft kommt. Du hast nicht ewig Zeit.
Ich leg dir 350 € drauf.

Horst","Hi,

this afternoon a couple gets married at our fair and nobody has decorated. Hang four garlands at the stalls before the party arrives. You do not have forever.
I will add €350.

Horst","Selam,

bu öğleden sonra fuarımızda bir çift evleniyor ve kimse süslememiş. Davetliler gelmeden büfelere dört çelenk as. Sonsuz vaktin yok.
Üstüne 350 € koyarım.

Horst"
MAIL_G10_A1,"Gern, mach ich.","Gladly, I will.",Memnuniyetle.
MAIL_G10_A2,Heute nicht.,Not today.,Bugün olmaz.
Q_G-11_TITLE,Brezn-Wettessen,Pretzel eating contest,Simit yeme yarışması
Q_G-11_TEXT,"Die Kirmes veranstaltet ein Brezn-Wettessen. Sammle sechs Brezn-Teller an den Buden ein (E), bevor die Zeit abläuft.",The fair holds a pretzel eating contest. Collect six pretzel plates (E) before time runs out.,Fuar bir simit yeme yarışması düzenliyor. Süre dolmadan altı simit tabağı topla (E).
MAIL_G11_BETREFF,Wettessen!,Eating contest!,Yeme yarışması!
MAIL_G11_TEXT,"Servus,

heute ist Brezn-Wettessen und die Teller liegen verstreut an den Buden. Sammle sechs davon ein, ich brauche sie am Start. Schnell sein.
Ich leg dir 300 € drauf.

Horst","Hi,

today is the pretzel eating contest and the plates are scattered around the stalls. Collect six of them, I need them at the start. Be quick.
I will add €300.

Horst","Selam,

bugün simit yeme yarışması var ve tabaklar büfelere dağılmış durumda. Altısını topla, başlangıçta lazım. Çabuk ol.
Üstüne 300 € koyarım.

Horst"
MAIL_G11_A1,"Gern, mach ich.","Gladly, I will.",Memnuniyetle.
MAIL_G11_A2,Heute nicht.,Not today.,Bugün olmaz.
HINT_KISTE_NEHMEN,{interact} Kiste nehmen,{interact} Take a crate,{interact} Kasayı al
HINT_KISTE_HOLEN,{interact} Erst am Kistenstapel eine Kiste holen,{interact} Get a crate from the stack first,{interact} Önce yığından bir kasa al
HINT_KISTE_ABGEBEN,{interact} Kiste abliefern,{interact} Deliver the crate,{interact} Kasayı teslim et
MSG_KISTE_GENOMMEN,Kiste aufgeladen. Ab zur Bude!,Crate picked up. Off to the stall!,Kasa alındı. Büfeye!
Q_K-8_TITLE,Lieferung für die Buden,Delivery for the stalls,Büfeler için teslimat
Q_K-8_TEXT,"Drei Buden brauchen Nachschub. Hol am Kistenstapel eine Kiste (E) und bring sie zur markierten Bude, dreimal.","Three stalls need supplies. Take a crate from the stack (E) and bring it to the marked stall, three times.","Üç büfenin malzemeye ihtiyacı var. Yığından bir kasa al (E) ve işaretli büfeye götür, üç kez."
MAIL_K8_BETREFF,Nachschub gesucht,Supplies wanted,Malzeme aranıyor
MAIL_K8_TEXT,"Servus,

bei uns drei Buden ist der Nachschub ausgegangen und die Lieferung steht auf einem Stapel am Rand. Trag drei Kisten zu uns, dann zahl ich dir was.

Bis bald auf der Kirmes","Hi,

three of us stalls ran out of supplies and the delivery sits in a stack at the edge. Carry three crates to us and I will pay you.

See you at the fair","Selam,

bizim üç büfede malzeme bitti ve teslimat kenarda bir yığın halinde duruyor. Bize üç kasa taşı, sana ödeme yapayım.

Fuarda görüşürüz"
MAIL_K8_A1,"Gern, ich trag.","Gladly, I will carry.",Memnuniyetle taşırım.
MAIL_K8_A2,Heute nicht.,Not today.,Bugün olmaz.
MEISTER_KIRMES,Alle acht Kirmes-Aufgaben der Buden,All eight fair challenges at the stalls,Büfelerin sekiz fuar görevinin hepsi
WORLD_KISTEN,"Kistenstapel
({interact}: Kiste nehmen)","Crate stack
({interact}: take a crate)","Kasa yığını
({interact}: kasayı al)"
WB_SPIEL_STEMMEN,Maßkrugstemmen,Mug holding,Kupa tutma
WB_SPIEL_HAU_DEN_LUKAS,Hau den Lukas,Strongman game,Lukas'ı vur
WB_SPIEL_KEGELN,Kegeln,Bowling,Bowling
MSG_FEST_WETTBEWERB,Festwettbewerb: Spiele heute %s an der Bude und erreiche mindestens %d Punkte für extra Festruhm.,Festival contest: play %s at the stall today and score at least %d points for extra festival fame.,"Şenlik yarışması: Bugün %s oyununda büfede en az %d puan yap, ekstra şenlik şöhreti kazan."
MSG_FEST_WB_GESCHAFFT,Wettbewerb geschafft! Das gibt Festruhm am Abend.,Contest won! That earns festival fame tonight.,Yarışma kazanıldı! Bu akşam şenlik şöhreti getirir.
MSG_FEST_WB_GEWONNEN,Wettbewerb gewonnen: +%d Festruhm.,Contest won: +%d festival fame.,Yarışma kazanıldı: +%d şenlik şöhreti.
MSG_FEST_WB_VERLOREN,Wettbewerb verpasst (%d von %d Punkten). Beim nächsten Fest klappt es.,Contest missed (%d of %d points). Next festival.,Yarışma kaçırıldı (%d / %d puan). Bir sonraki şenlikte.
MS_WETTBEWERB_3_TITLE,Festmeister der Buden,Festival stall champion,Şenlik büfe şampiyonu
MS_WETTBEWERB_3_TEXT,Gewinne drei Festtag-Wettbewerbe.,Win three festival contests.,Üç şenlik yarışması kazan.
EREIGNIS_FEST_TITEL,Festtag,Festival day,Şenlik günü
EREIGNIS_FEST_START,"Heute ist Festtag: Band, Feuerwerk um 21 Uhr und ein Wettbewerb an den Buden!","Today is festival day: band, fireworks at 9 pm and a contest at the stalls!","Bugün şenlik günü: grup, saat 21'de havai fişek ve büfelerde bir yarışma!"
FEST_SCHUTZ_TITEL,Schutz vor Katastrophen,Protection against disasters,Felaketlere karşı koruma
FEST_PLANE,Regenplane · %s,Rain tarp · %s,Yağmur brandası · %s
FEST_NOTSTROM,Notstromaggregat · %s,Emergency generator · %s,Acil durum jeneratörü · %s
FEST_VORRAT,Extra Bierfässer · %s,Extra beer barrels · %s,Ekstra bira fıçıları · %s
MSG_KATA_ABGEWEHRT_REGEN,"Unwetter über dem Fest, aber die Plane hält: Alle bleiben trocken und feiern weiter.","A storm over the festival, but the tarp holds: everyone stays dry and keeps celebrating.","Şenliğin üstünde fırtına, ama branda dayandı: Herkes kuru kalıp kutlamaya devam ediyor."
MSG_KATA_ABGEWEHRT_STROM,"Stromausfall! Das Notstromaggregat springt an, kaum jemand merkt es.","Power cut! The emergency generator kicks in, hardly anyone notices.","Elektrik kesintisi! Acil durum jeneratörü devreye giriyor, neredeyse kimse fark etmiyor."
MSG_KATA_ABGEWEHRT_KNAPP,"Das Bier wird knapp, aber die extra Fässer aus dem Vorrat retten den Abend.","Beer runs short, but the extra barrels from storage save the evening.",Bira azalıyor ama depodaki ekstra fıçılar akşamı kurtarıyor.
MSG_KATA_TREFFER_REGEN,Unwetter über dem Fest! Ohne Plane werden die Gäste nass und schlecht gelaunt.,A storm over the festival! Without a tarp the guests get wet and grumpy.,Şenliğin üstünde fırtına! Brandasız misafirler ıslanıp huysuzlanıyor.
MSG_KATA_TREFFER_STROM,Stromausfall mitten im Fest! Ohne Notstrom steht alles still.,Power cut in the middle of the festival! Without backup power everything stands still.,Şenliğin ortasında elektrik kesintisi! Yedek güç olmadan her şey duruyor.
MSG_KATA_TREFFER_KNAPP,"Das Bier wird knapp! Fässer sind leer, ohne Vorrat fehlt Ware.","Beer runs short! Barrels are empty, without a reserve goods are missing.","Bira azalıyor! Fıçılar boş, yedek olmadan mal eksik."
AUSBAU_AKADEMIE,Personal-Akademie,Staff academy,Personel akademisi
AUSBAU_AKADEMIE_INFO,Mitarbeiter lassen sich bis Stufe 10 trainieren (statt 5),Staff can be trained up to level 10 (instead of 5),Personel 10. seviyeye kadar eğitilebilir (5 yerine)
AUSBAU_SCHLOSS,Schloss am Fasslager,Lock on the barrel store,Fıçı deposu kilidi
AUSBAU_SCHLOSS_INFO,Diebe kommen nicht mehr an dein Bier,Thieves can no longer reach your beer,Hırsızlar artık biranıza ulaşamaz
AUSBAU_KAMERA,Überwachungskamera,Security camera,Güvenlik kamerası
AUSBAU_KAMERA_INFO,"Streiche ärgern weniger, man sieht, wer es war","Pranks hurt less, you can see who did it","Şakalar daha az can sıkar, kimin yaptığı görünür"
AUSBAU_ALARM,Alarmanlage,Alarm system,Alarm sistemi
AUSBAU_ALARM_INFO,Ein Stromausfall dauert nur 40 % so lange,A power cut lasts only 40 % as long,Elektrik kesintisi sadece %40 sürer
AUSBAU_VERSICHERUNG,Versicherung,Insurance,Sigorta
AUSBAU_VERSICHERUNG_INFO,"Lieferwagen-Aufschlag entfällt, gestohlenes Bier wird erstattet","No delivery surcharge, stolen beer is reimbursed","Teslimat farkı yok, çalınan bira geri ödenir"
MSG_SCHUTZ_SCHLOSS,Diebe am Fasslager: Das Schloss hält. Sie ziehen unverrichteter Dinge ab.,Thieves at the barrel store: the lock holds. They leave empty-handed.,Fıçı deposunda hırsızlar: Kilit dayandı. Eli boş gidiyorlar.
MSG_SCHUTZ_VERSICHERUNG_LASTER,"Konrads Laster blockiert die Einfahrt, aber die Versicherung übernimmt den Aufschlag.","Konrad's truck blocks the entrance, but the insurance covers the surcharge.",Konrad'ın kamyonu girişi tıkıyor ama sigorta farkı karşılıyor.
MSG_STROM_AUS_KAMERA,"Stromausfall! Die Kamera zeigt: Das waren Konrads Leute. Ärgerlich, aber ihr wisst Bescheid.","Power cut! The camera shows: it was Konrad's people. Annoying, but you know.",Elektrik kesintisi! Kamera gösteriyor: Konrad'ın adamlarıydı. Can sıkıcı ama biliyorsunuz.
MSG_DIEB_BIER_VERSICHERT,Diebe waren am Fasslager und haben %d Maß Bier gestohlen. Die Versicherung zahlt %s.,Thieves hit the barrel store and stole %d mugs of beer. The insurance pays %s.,Hırsızlar fıçı deposuna girip %d kupa bira çaldı. Sigorta %s ödüyor.
HINT_FASSANSTICH,{interact} Das Festfass anstechen,{interact} Tap the festival barrel,{interact} Şenlik fıçısını delmek
WORLD_FESTFASS,"Festfass
({interact}: anstechen)","Festival barrel
({interact}: tap it)","Şenlik fıçısı
({interact}: delmek)"
ANSTICH_TITEL,Fassanstich,Barrel tapping,Fıçı delme
ANSTICH_START,Drei Schläge. Triff den Hahn in der grünen Mitte der Leiste!,Three strikes. Hit the tap in the green middle of the bar!,Üç vuruş. Musluğu çubuğun yeşil ortasına vur!
ANSTICH_INFO,Noch %d Schläge · bisheriger Durchschnitt %d von 10,%d strikes left · average so far %d out of 10,%d vuruş kaldı · şimdiye kadar ortalama 10 üzerinden %d
ANSTICH_HINWEIS,Linksklick oder E zum Schlagen · Esc bricht ab,Left click or E to strike · Esc cancels,Vurmak için sol tık veya E · Esc iptal eder
MSG_ANSTICH_GUT,O'zapft is! Sauber angestochen (%d von 10): +%d Festruhm und die Gäste jubeln.,Tapped! A clean strike (%d out of 10): +%d festival fame and the guests cheer.,Delindi! Temiz bir vuruş (10 üzerinden %d): +%d şenlik şöhreti ve misafirler tezahürat yapıyor.
MSG_ANSTICH_SCHLECHT,Daneben! Das Bier spritzt überall hin (%d von 10). Aufwischen nicht vergessen.,Missed! Beer sprays everywhere (%d out of 10). Do not forget to mop up.,Iskaladın! Bira her yere sıçradı (10 üzerinden %d). Silmeyi unutma.
MS_ANSTICH_5_TITLE,Sicherer Schlag,Steady hand,Sağlam vuruş
MS_ANSTICH_5_TEXT,Steche fünfmal ein Festfass sauber an.,Tap a festival barrel cleanly five times.,Beş kez temiz bir şekilde şenlik fıçısı del.
AUSBAU_BUDE1,Eigene Bude 1,Own stall 1,Kendi büfem 1
AUSBAU_BUDE2,Eigene Bude 2,Own stall 2,Kendi büfem 2
AUSBAU_BUDE3,Eigene Bude 3,Own stall 3,Kendi büfem 3
AUSBAU_BUDE1_INFO,"Eine Kirmesbude für dich: Jeden Abend Gewinn, je beliebter dein Zelt, desto mehr","A fair stall of your own: profit every evening, the more popular your tent the more","Sana ait bir fuar büfesi: Her akşam kâr, çadırın ne kadar popülerse o kadar fazla"
AUSBAU_BUDE2_INFO,"Eine zweite Bude (braucht Bude 1), noch mehr Abendgewinn","A second stall (needs stall 1), even more evening profit","İkinci bir büfe (büfe 1 gerekir), daha fazla akşam kârı"
AUSBAU_BUDE3_INFO,"Eine dritte Bude (braucht Bude 2), der Gewinn wächst weiter","A third stall (needs stall 2), profit keeps growing","Üçüncü bir büfe (büfe 2 gerekir), kâr büyümeye devam eder"
AUSBAU_FILIALE,Filiale (Zweitzelt),Branch (second tent),Şube (ikinci çadır)
AUSBAU_FILIALE_INFO,"Ein zweites Zelt auf einem anderen Platz mit eigenem Personal, bringt jeden Abend Gewinn (braucht das Riesenzelt)","A second tent at another site with its own staff, earns every evening (needs the giant tent)","Başka bir alanda kendi personeli olan ikinci çadır, her akşam kazanç getirir (dev çadır gerekir)"
MSG_AUSBAU_ERST_BUDE,Dafür brauchst du zuerst die Bude davor.,You need the previous stall first.,Bunun için önce önceki büfeye ihtiyacın var.
MSG_AUSBAU_ERST_RIESENZELT,"Eine Filiale gibt es erst, wenn dein Zelt zum Riesenzelt (Stufe 4) ausgebaut ist.",A branch is only possible once your tent is the giant tent (level 4).,"Şube, ancak çadırın dev çadıra (seviye 4) yükseltildikten sonra mümkün."
MSG_AUSBAU_BUDEN,Deine %d Buden haben heute Abend %s verdient.,Your %d stalls earned %s this evening.,%d büfen bu akşam %s kazandı.
MSG_AUSBAU_FILIALE,Die Filiale hat heute Abend %s eingebracht.,The branch brought in %s this evening.,Şube bu akşam %s getirdi.
WAGEN_FARBE_BLAU,Außenfarbe Blau,Exterior colour blue,Dış renk mavi
WAGEN_FARBE_ROT,Außenfarbe Rot,Exterior colour red,Dış renk kırmızı
WAGEN_FARBE_GRUEN,Außenfarbe Grün,Exterior colour green,Dış renk yeşil
WAGEN_FARBE_AKTIV,%s (aktiv),%s (active),%s (aktif)
WAGEN_SPIEGEL,Spiegel: Aussehen ändern,Mirror: change your look,Ayna: görünümünü değiştir
WAGEN_FARBE_WECHSELN,Wechseln zu: %s,Switch to: %s,Geç: %s
HINT_FAHNE_HISSEN,{interact} Fahne hissen,{interact} Raise the flag,{interact} Bayrağı çek
HINT_LATERNE_ANZUENDEN,{interact} Laterne anzünden,{interact} Light the lantern,{interact} Feneri yak
HINT_BALLON_SAMMELN,{interact} Luftballons einsammeln,{interact} Collect the balloons,{interact} Balonları topla
Q_G-12_TITLE,Fahnen für den Ehrengast,Flags for the guest of honour,Konuk için bayraklar
Q_G-12_TEXT,"Ein Ehrengast kommt zur Kirmes. Hisse vier Fahnen an den Buden (E), bevor die Zeit abläuft.",A guest of honour is visiting the fair. Raise four flags at the stalls (E) before time runs out.,Fuara bir onur konuğu geliyor. Süre dolmadan büfelerde dört bayrak çek (E).
Q_G-13_TITLE,Laternen vor der Dämmerung,Lanterns before dusk,Alacakaranlıktan önce fenerler
Q_G-13_TEXT,"Es wird bald dunkel. Zünde fünf Laternen an den Buden an (E), bevor die Zeit abläuft.",It will be dark soon. Light five lanterns at the stalls (E) before time runs out.,Yakında hava kararacak. Süre dolmadan büfelerde beş feneri yak (E).
Q_G-14_TITLE,Kinderfest: Ballons,Children's day: balloons,Çocuk şenliği: balonlar
Q_G-14_TEXT,"Beim Kinderfest sind Luftballons ausgebüxt. Sammle sechs Ballonbündel an den Buden ein (E), bevor die Zeit abläuft.",Balloons have escaped at the children's day. Collect six balloon bunches at the stalls (E) before time runs out.,Çocuk şenliğinde balonlar kaçtı. Süre dolmadan büfelerde altı balon demetini topla (E).
MAIL_G12_BETREFF,Ein Ehrengast kommt,A guest of honour is coming,Bir onur konuğu geliyor
MAIL_G12_TEXT,"Servus,

der Bürgermeister schaut heute Nachmittag auf der Kirmes vorbei. Häng an den Buden vier Fahnen auf, damit es nach etwas aussieht. Du hast nicht ewig Zeit.
Ich leg dir 350 € drauf.

Horst","Hi,

the mayor is dropping by the fair this afternoon. Raise four flags at the stalls so that it looks like something. You do not have forever.
I will add €350.

Horst","Selam,

belediye başkanı bu öğleden sonra fuara uğrayacak. Büfelerde dört bayrak çek ki göz doldursun. Sonsuz vaktin yok.
Üstüne 350 € koyarım.

Horst"
MAIL_G12_A1,"Gern, mach ich.","Gladly, I will.",Memnuniyetle.
MAIL_G12_A2,Heute nicht.,Not today.,Bugün olmaz.
MAIL_G13_BETREFF,Gleich wird es dunkel,It is getting dark soon,Hava kararıyor
MAIL_G13_TEXT,"Servus,

in einer Stunde ist es dunkel und die Wege der Kirmes liegen im Finstern. Zünde an den Buden fünf Laternen an, bevor jemand stolpert.
Ich leg dir 300 € drauf.

Horst","Hi,

in an hour it will be dark and the fair paths will be pitch black. Light five lanterns at the stalls before anyone trips.
I will add €300.

Horst","Selam,

bir saat sonra hava kararacak ve fuar yolları zifiri karanlık olacak. Biri düşmeden büfelerde beş feneri yak.
Üstüne 300 € koyarım.

Horst"
MAIL_G13_A1,"Gern, mach ich.","Gladly, I will.",Memnuniyetle.
MAIL_G13_A2,Heute nicht.,Not today.,Bugün olmaz.
MAIL_G14_BETREFF,Kinderfest,Children's day,Çocuk şenliği
MAIL_G14_TEXT,"Servus,

beim Kinderfest sind uns Luftballons weggeflogen und hängen jetzt überall an den Buden. Sammle sechs Ballonbündel ein, sonst gibt es Tränen.
Ich leg dir 300 € drauf.

Horst","Hi,

at the children's day balloons have floated away and are now stuck at the stalls. Collect six balloon bunches or there will be tears.
I will add €300.

Horst","Selam,

çocuk şenliğinde balonlar uçtu ve şimdi büfelere takılı duruyor. Altı balon demetini topla, yoksa gözyaşı olur.
Üstüne 300 € koyarım.

Horst"
MAIL_G14_A1,"Gern, mach ich.","Gladly, I will.",Memnuniyetle.
MAIL_G14_A2,Heute nicht.,Not today.,Bugün olmaz.
HINT_PFUETZE_WISCHEN,{interact} Pfütze aufwischen,{interact} Mop up the puddle,{interact} Su birikintisini sil
HINT_NOTEN_AUFSTELLEN,{interact} Notenständer aufstellen,{interact} Set up the music stand,{interact} Nota sehpasını kur
Q_G-15_TITLE,Wasserrohrbruch,Burst water pipe,Su borusu patladı
Q_G-15_TEXT,"Ein Wasserrohr ist geplatzt und die Wege stehen unter Wasser. Wisch fünf Pfützen an den Buden auf (E), bevor die Zeit abläuft.",A water pipe has burst and the paths are flooded. Mop up five puddles at the stalls (E) before time runs out.,Bir su borusu patladı ve yolları su bastı. Süre dolmadan büfelerde beş su birikintisini sil (E).
Q_G-16_TITLE,Die Kapelle probt,The band rehearses,Orkestra prova yapıyor
Q_G-16_TEXT,"Die Kapelle spielt gleich und alle Notenständer sind umgekippt. Stell vier Notenständer an den Buden auf (E), bevor die Zeit abläuft.",The band plays soon and all the music stands have fallen over. Set up four music stands at the stalls (E) before time runs out.,Orkestra birazdan çalacak ve bütün nota sehpaları devrildi. Süre dolmadan büfelerde dört nota sehpasını kur (E).
MAIL_G15_BETREFF,Wasser auf den Wegen,Water on the paths,Yollarda su var
MAIL_G15_TEXT,"Servus,

bei der Kirmes ist ein Wasserrohr geplatzt. Wisch an den Buden fünf Pfützen auf, bevor jemand ausrutscht und sich das Bein bricht.
Ich leg dir 300 € drauf.

Horst","Hi,

a water pipe has burst at the fair. Mop up five puddles at the stalls before someone slips and breaks a leg.
I will add €300.

Horst","Selam,

fuarda bir su borusu patladı. Biri kayıp bacağını kırmadan büfelerde beş su birikintisini sil.
Üstüne 300 € koyarım.

Horst"
MAIL_G15_A1,"Gern, mach ich.","Gladly, I will.",Memnuniyetle.
MAIL_G15_A2,Heute nicht.,Not today.,Bugün olmaz.
MAIL_G16_BETREFF,Probe der Kapelle,Band rehearsal,Orkestra provası
MAIL_G16_TEXT,"Servus,

die Kapelle will gleich proben und der Wind hat alle Notenständer umgeworfen. Stell an den Buden vier Notenständer wieder auf, sonst spielen die Herren nach Gehör.
Ich leg dir 350 € drauf.

Horst","Hi,

the band wants to rehearse soon and the wind has knocked over all the music stands. Set up four music stands at the stalls again or the gentlemen will play by ear.
I will add €350.

Horst","Selam,

orkestra birazdan prova yapmak istiyor ve rüzgar bütün nota sehpalarını devirdi. Büfelerde dört nota sehpasını yeniden kur, yoksa beyler kulaktan çalacak.
Üstüne 350 € koyarım.

Horst"
MAIL_G16_A1,"Gern, mach ich.","Gladly, I will.",Memnuniyetle.
MAIL_G16_A2,Heute nicht.,Not today.,Bugün olmaz.
SAB_DIETRICH,Dietrich,Lock pick,Maymuncuk
MSG_SAB_SCHLOSS,Der Sicherungskasten ist abgeschlossen. Dazu brauchst du einen Dietrich von Gustav.,The fuse box is locked. You need a lock pick from Gustav.,Sigorta kutusu kilitli. Gustav'dan bir maymuncuk almalısın.
REZEPTTAFEL_TITEL,Brauanleitung,Brewing guide,Bira yapımı
REZEPTTAFEL_TEXT,"1. Malz und Wasser im Bottich rühren
2. Im Sudkessel kochen, Hopfen dazu
3. Mit Hefe ins Gärfass
4. Reifen lassen, dann abfüllen","1. Stir malt and water in the tun
2. Boil in the kettle, add hops
3. Into a fermenter with yeast
4. Let it mature, then bottle","1. Malt ve suyu teknede karıştır
2. Kazanda kaynat, şerbetçiotu ekle
3. Mayayla fermantasyon fıçısına
4. Olgunlaşsın, sonra şişele"
